-- MySQL dump 10.13  Distrib 8.0.21, for macos10.15 (x86_64)
--
-- Host: localhost    Database: healthData
-- ------------------------------------------------------
-- Server version	8.0.21

/*!40101 SET @OLD_CHARACTER_SET_CLIENT=@@CHARACTER_SET_CLIENT */;
/*!40101 SET @OLD_CHARACTER_SET_RESULTS=@@CHARACTER_SET_RESULTS */;
/*!40101 SET @OLD_COLLATION_CONNECTION=@@COLLATION_CONNECTION */;
/*!50503 SET NAMES utf8mb4 */;
/*!40103 SET @OLD_TIME_ZONE=@@TIME_ZONE */;
/*!40103 SET TIME_ZONE='+00:00' */;
/*!40014 SET @OLD_UNIQUE_CHECKS=@@UNIQUE_CHECKS, UNIQUE_CHECKS=0 */;
/*!40014 SET @OLD_FOREIGN_KEY_CHECKS=@@FOREIGN_KEY_CHECKS, FOREIGN_KEY_CHECKS=0 */;
/*!40101 SET @OLD_SQL_MODE=@@SQL_MODE, SQL_MODE='NO_AUTO_VALUE_ON_ZERO' */;
/*!40111 SET @OLD_SQL_NOTES=@@SQL_NOTES, SQL_NOTES=0 */;

--
-- Table structure for table `Biometrics`
--

DROP TABLE IF EXISTS `Biometrics`;
/*!40101 SET @saved_cs_client     = @@character_set_client */;
/*!50503 SET character_set_client = utf8mb4 */;
CREATE TABLE `Biometrics` (
  `ID_person` int NOT NULL,
  `oxigen_level` int DEFAULT NULL,
  `heart_rythm` int DEFAULT NULL,
  KEY `biometrics_ID_person` (`ID_person`),
  CONSTRAINT `biometrics_ID_person` FOREIGN KEY (`ID_person`) REFERENCES `Person` (`ID_person`)
) ENGINE=InnoDB DEFAULT CHARSET=utf8mb4 COLLATE=utf8mb4_0900_ai_ci;
/*!40101 SET character_set_client = @saved_cs_client */;

--
-- Dumping data for table `Biometrics`
--

LOCK TABLES `Biometrics` WRITE;
/*!40000 ALTER TABLE `Biometrics` DISABLE KEYS */;
INSERT INTO `Biometrics` VALUES (24,210,389),(21,775,261),(22,376,843),(23,447,249),(24,680,497),(21,690,448),(22,981,500),(23,512,564),(24,38,74),(21,224,811),(22,620,334),(23,445,29),(24,308,559),(21,645,890),(22,982,24),(23,1007,966),(24,746,237),(21,384,873),(22,386,333),(23,181,416),(24,776,265),(21,43,740),(22,860,296),(23,32,895),(24,265,17),(21,266,863),(22,735,566),(23,204,224),(24,7,339),(21,844,904),(22,642,847),(23,986,606),(24,485,50),(21,676,172),(22,441,688),(23,39,25),(24,608,315),(21,182,930),(22,599,910),(23,534,864),(24,595,674),(21,93,955),(22,246,504),(23,146,1024),(24,149,471),(21,474,1011),(22,429,549),(23,147,711),(24,776,374),(21,981,333),(22,189,798),(23,741,892),(24,779,94),(21,15,900),(22,945,967),(23,987,1005),(24,864,211),(21,458,256),(22,645,953),(23,325,531),(24,140,33),(21,499,277),(22,219,292),(23,944,968),(24,667,280),(21,861,273),(22,960,974),(23,632,526),(24,557,945),(21,124,1024),(22,772,100),(23,383,231),(24,822,193),(21,572,337),(22,1015,194),(23,243,21),(24,420,700),(21,472,997),(22,1005,405),(23,23,80),(24,888,529),(21,69,845),(22,361,776),(23,338,2),(24,64,869),(21,501,664),(22,379,381),(23,150,424),(24,135,887),(21,196,349),(22,415,13),(23,260,309),(24,311,225),(21,993,347),(22,886,493),(23,811,902),(24,862,211),(21,612,851),(22,368,686),(23,569,212),(24,613,944),(21,918,220),(22,1011,830),(23,803,488),(24,319,303),(21,603,42),(22,576,529),(23,405,352),(24,417,900),(21,211,522),(22,831,826),(23,733,280),(24,649,947),(21,718,162),(22,190,471),(23,202,740),(24,775,158),(21,173,415),(22,526,784),(23,930,465),(24,970,201),(21,377,206),(22,229,149),(23,377,301),(24,900,829),(21,914,509),(22,599,720),(23,900,325),(24,673,85),(21,1010,601),(22,993,570),(23,263,407),(24,855,775),(21,755,840),(22,122,1000),(23,387,1004),(24,184,598),(21,804,866),(22,781,340),(23,937,604),(24,12,733),(21,383,18),(22,542,537),(23,283,979),(24,24,10),(21,846,489),(22,1017,82),(23,413,677),(24,305,757),(21,528,295),(22,828,627),(23,889,120),(24,339,667),(21,821,825),(22,828,600),(23,855,282),(24,525,395),(21,333,528),(22,758,700),(23,41,839),(24,330,396),(21,458,58),(22,988,22),(23,36,412),(24,54,589),(21,960,136),(22,556,977),(23,99,284),(24,1005,440),(21,126,102),(22,85,416),(23,931,389),(24,436,312),(21,824,63),(22,129,648),(23,624,634),(24,207,943),(21,600,551),(22,765,575),(23,582,974),(24,348,825),(21,595,321),(22,606,825),(23,13,690),(24,666,187),(21,1017,790),(22,138,979),(23,842,887),(24,207,969),(21,219,1022),(22,823,827),(23,638,511),(24,372,570),(21,472,147),(22,118,556),(23,863,552),(24,672,983),(21,770,130),(22,461,372),(23,191,24),(24,1019,469),(21,424,295),(22,29,494),(23,570,971),(24,736,948),(21,580,447),(22,245,281),(23,199,882),(24,287,221),(21,391,884),(22,834,942),(23,176,603),(24,205,101),(21,825,1006),(22,984,58),(23,485,44),(24,576,226),(21,515,674),(22,560,521),(23,670,673),(24,166,807),(21,142,375),(22,353,578),(23,615,591),(24,18,287),(21,883,678),(22,306,479),(23,954,716),(24,816,423),(21,343,865),(22,113,238),(23,149,72),(24,15,53),(21,973,230),(22,956,665),(23,72,249),(24,15,715),(21,841,504),(22,587,252),(23,33,737),(24,519,682),(21,1002,989),(22,625,632),(23,937,505),(24,25,845),(21,610,189),(22,177,609),(23,436,838),(24,524,563),(21,791,479),(22,749,813),(23,12,910),(24,947,691),(21,128,260),(22,724,505),(23,447,153),(24,1007,169),(21,331,820),(22,49,429),(23,474,182),(24,726,951),(21,113,841),(22,12,554),(23,761,594),(24,595,120),(21,419,810),(22,478,279),(23,515,1003),(24,995,924),(21,222,722),(22,670,579),(23,664,848),(24,508,546),(21,69,777),(22,316,76),(23,5,346),(24,113,149),(21,411,320),(22,1000,689),(23,33,399),(24,1007,210),(21,556,716),(22,820,131),(23,575,320),(24,335,429),(21,783,902),(22,602,415),(23,162,895),(24,634,102),(21,161,102),(22,669,608),(23,724,458),(24,30,894),(21,435,426),(22,929,782),(23,512,756),(24,660,540),(21,502,686),(22,846,556),(23,824,218),(24,845,385),(21,45,264),(22,756,219),(23,1002,580),(24,702,654),(21,736,523),(22,670,18),(23,622,87),(24,785,224),(21,697,405),(22,916,85),(23,71,255),(24,111,766),(21,289,81),(22,141,145),(23,378,220),(24,474,741),(21,701,795),(22,574,484),(23,612,132),(24,916,459),(21,791,610),(22,15,1020),(23,204,298),(24,920,153),(21,747,421),(22,509,452),(23,967,362),(24,380,946),(21,631,955),(22,554,872),(23,879,844),(24,621,705),(21,189,734),(22,763,1014),(23,410,274),(24,646,489),(21,858,98),(22,293,1007),(23,446,31),(24,900,679),(21,7,156),(22,719,240),(23,360,416),(24,780,100),(21,443,916),(22,16,357),(23,689,467),(24,848,431),(21,871,459),(22,591,641),(23,49,554),(24,153,746),(21,138,931),(22,557,210),(23,121,259),(24,874,494),(21,253,150),(22,652,695),(23,473,625),(24,893,962),(21,204,1018),(22,824,297),(23,89,829),(24,307,599),(21,699,300),(22,1018,262),(23,490,630),(24,334,245),(21,914,0),(22,54,873),(23,292,596),(24,202,956),(21,566,974),(22,295,726),(23,668,308),(24,362,533),(21,198,588),(22,992,694),(23,944,954),(24,228,575),(21,663,852),(22,178,688),(23,461,391),(24,611,711),(21,862,933),(22,956,338),(23,717,357),(24,334,135),(21,294,732),(22,89,448),(23,1008,640),(24,979,886),(21,294,91),(22,996,644),(23,654,646),(24,844,968),(21,278,895),(22,900,653),(23,742,234),(24,822,30),(21,734,908),(22,230,262),(23,860,218),(24,171,810),(21,873,247),(22,196,138),(23,948,369),(24,60,369),(21,65,749),(22,329,348),(23,815,887),(24,733,63),(21,637,329),(22,172,617),(23,951,504),(24,849,361),(21,511,648),(22,327,728),(23,745,979),(24,116,742),(21,951,349),(22,967,692),(23,15,582),(24,938,73),(21,918,313),(22,126,24),(23,424,960),(24,535,454),(21,575,1010),(22,875,43),(23,1009,829),(24,362,760),(21,337,629),(22,43,159),(23,370,935),(24,417,199),(21,440,627),(22,516,36),(23,722,306),(24,463,704),(21,81,401),(22,157,472),(23,431,599),(24,125,987),(21,187,529),(22,1010,992),(23,179,633),(24,405,973),(21,845,359),(22,770,395),(23,296,411),(24,335,68),(21,330,983),(22,416,640),(23,571,976),(24,761,460),(21,943,946),(22,83,405),(23,235,460),(24,460,24),(21,438,231),(22,403,448),(23,584,296),(24,629,507),(21,94,342),(22,811,744),(23,639,979),(24,2,357),(21,763,865),(22,86,67),(23,197,408),(24,920,285),(21,6,104),(22,408,403),(23,296,101),(24,411,247),(21,685,83),(22,600,738),(23,757,651),(24,662,326),(21,899,419),(22,963,521),(23,169,176),(24,934,140),(21,209,71),(22,468,739),(23,490,894),(24,564,279),(21,224,64),(22,533,1024),(23,532,760),(24,970,640),(21,680,205),(22,213,224),(23,826,221),(24,668,652),(21,711,686),(22,648,720),(23,1008,468),(24,371,79),(21,924,91),(22,532,680),(23,909,620),(24,77,331),(21,187,417),(22,58,480),(23,154,709),(24,94,144),(21,466,639),(22,445,30),(23,96,252),(24,633,167),(21,381,732),(22,991,731),(23,431,255),(24,36,449),(21,167,205),(22,209,323),(23,380,858),(24,901,256),(21,555,967),(22,895,1015),(23,426,118),(24,601,18),(21,146,435),(22,273,45),(23,644,137),(24,450,328),(21,427,38),(22,690,954),(23,28,82),(24,37,354),(21,479,122),(22,292,373),(23,926,668),(24,320,162),(21,142,183),(22,239,993),(23,324,945),(24,874,461),(21,549,711),(22,784,810),(23,753,906),(24,569,702),(21,698,686),(22,390,740),(23,469,132),(24,250,323),(21,436,738),(22,633,534),(23,431,535),(24,6,903),(21,464,824),(22,218,858),(23,926,1014),(24,780,10),(21,704,39),(22,205,769),(23,437,796),(24,404,130),(21,785,981),(22,1006,667),(23,664,408),(24,536,654),(21,409,614),(22,1017,1014),(23,894,841),(24,99,88),(21,447,878),(22,329,201),(23,385,394),(24,220,232),(21,121,12),(22,697,92),(23,288,158),(24,861,818),(21,948,184),(22,173,962),(23,122,632),(24,397,644),(21,808,770),(22,529,162),(23,546,382),(24,812,604),(21,821,732),(22,336,404),(23,612,620),(24,948,76),(21,262,584),(22,258,729),(23,107,855),(24,694,5),(21,433,203),(22,463,856),(23,567,947),(24,453,454),(21,944,364),(22,234,881),(23,655,884),(24,272,70),(21,923,961),(22,502,236),(23,360,1007),(24,51,921),(21,608,581),(22,459,51),(23,973,835),(24,901,11),(21,770,323),(22,313,901),(23,240,910),(24,479,1018),(21,334,622),(22,476,205),(23,317,35),(24,344,579),(21,326,967),(22,108,499),(23,774,789),(24,320,1019),(21,938,307),(22,145,630),(23,1002,7),(24,660,132),(21,934,822),(22,131,966),(23,538,525),(24,102,964),(21,247,405),(22,40,587),(23,48,965),(24,1007,288),(21,581,971),(22,37,138),(23,491,429),(24,689,484),(21,496,453),(22,221,886),(23,737,659),(24,478,661),(21,453,789),(22,368,165),(23,963,55),(24,997,999),(21,659,556),(22,658,1003),(23,613,827),(24,808,530),(21,179,882),(22,482,592),(23,200,772),(24,213,678),(21,161,865),(22,478,326),(23,379,809),(24,661,470),(21,281,735),(22,179,944),(23,15,21),(24,550,198),(21,164,728),(22,310,1007),(23,975,948),(24,252,218),(21,367,1002),(22,149,3),(23,459,222),(24,194,917),(21,530,896),(22,893,1015),(23,376,413),(24,978,514),(21,893,986),(22,578,526),(23,983,742),(24,374,948),(21,444,833),(22,357,892),(23,991,555),(24,156,832),(21,96,376),(22,83,273),(23,313,116),(24,869,16),(21,462,19),(22,639,467),(23,1006,47),(24,889,249),(21,75,18),(22,363,719),(23,210,537),(24,828,539),(21,470,271),(22,287,102),(23,433,667),(24,516,950),(21,618,725),(22,292,680),(23,581,241),(24,904,910),(21,246,518),(22,458,87),(23,402,670),(24,640,432),(21,472,604),(22,410,709),(23,658,992),(24,896,147),(21,799,444),(22,249,845),(23,737,861),(24,691,960),(21,971,479),(22,403,828),(23,528,805),(24,772,176),(21,272,913),(22,817,456),(23,450,789),(24,968,544),(21,979,559),(22,639,191),(23,563,323),(24,307,625),(21,51,167),(22,11,445),(23,604,88),(24,825,892),(21,46,1005),(22,867,496),(23,677,359),(24,556,291),(21,259,313),(22,599,738),(23,684,800),(24,260,986),(21,725,750),(22,656,990),(23,526,814),(24,463,181),(21,47,65),(22,744,42),(23,626,398),(24,399,540),(21,951,173),(22,325,488),(23,683,209),(24,1010,785),(21,940,935),(22,248,143),(23,127,784),(24,238,784),(21,915,568),(22,737,882),(23,683,205),(24,952,1012),(21,762,113),(22,886,989),(23,542,127),(24,255,614),(21,814,937),(22,653,893),(23,796,161),(24,488,206),(21,734,139),(22,610,198),(23,120,309),(24,611,175),(21,485,567),(22,2,476),(23,681,275),(24,478,70),(21,962,647),(22,212,1005),(23,829,791),(24,674,992),(21,490,531),(22,831,520),(23,363,780),(24,77,975),(21,728,76),(22,862,37),(23,673,800),(24,886,747),(21,355,872),(22,182,11),(23,890,883),(24,937,27),(21,331,835),(22,638,386),(23,794,182),(24,661,570),(21,89,176),(22,322,17),(23,684,421),(24,972,719),(21,884,573),(22,824,718),(23,889,162),(24,601,840),(21,654,813),(22,275,453),(23,1005,45),(24,220,808),(21,87,890),(22,861,765),(23,794,193),(24,517,454),(21,397,499),(22,587,978),(23,32,260),(24,151,531),(21,106,838),(22,303,438),(23,362,650),(24,119,934),(21,622,188),(22,892,254),(23,283,197),(24,945,446),(21,312,565),(22,917,11),(23,286,594),(24,703,300),(21,647,0),(22,48,239),(23,687,499),(24,428,540),(21,542,170),(22,374,737),(23,859,579),(24,288,434),(21,793,875),(22,908,1022),(23,239,797),(24,936,210),(21,710,913),(22,845,144),(23,142,109),(24,989,112),(21,418,665),(22,575,717),(23,304,639),(24,165,283),(21,369,476),(22,32,559),(23,634,406),(24,32,291),(21,371,0),(22,70,476),(23,1003,291),(24,106,579),(21,230,464),(22,467,782),(23,601,505),(24,369,985),(21,801,890),(22,593,297),(23,252,390),(24,553,727),(21,832,913),(22,155,423),(23,851,355),(24,252,675),(21,357,455),(22,369,142),(23,504,310),(24,929,975),(21,372,606),(22,823,3),(23,103,178),(24,142,397),(21,426,508),(22,837,870),(23,922,381),(24,374,854),(21,573,345),(22,707,776),(23,439,540),(24,820,453),(21,715,384),(22,204,546),(23,113,869),(24,68,501),(21,874,446),(22,439,29),(23,531,371),(24,686,660),(21,319,588),(22,837,218),(23,928,730),(24,148,848),(21,622,122),(22,456,64),(23,318,132),(24,238,762),(21,19,824),(22,301,70),(23,869,230),(24,524,446),(21,624,120),(22,396,975),(23,450,280),(24,1004,692),(21,95,825),(22,413,737),(23,241,631),(24,1005,739),(21,861,176),(22,756,568),(23,448,653),(24,426,995),(21,55,357),(22,731,624),(23,496,969),(24,322,670),(21,505,685),(22,498,401),(23,348,23),(24,256,361),(21,464,672),(22,547,416),(23,453,446),(24,102,420),(21,714,763),(22,120,808),(23,429,154),(24,996,282),(21,782,1021),(22,193,581),(23,684,467),(24,421,654),(21,285,38),(22,250,176),(23,274,753),(24,1008,309),(21,46,677),(22,241,641),(23,178,188),(24,113,481),(21,814,506),(22,419,348),(23,794,226),(24,517,34),(21,115,859),(22,449,562),(23,530,1000),(24,940,683),(21,446,629),(22,666,392),(23,734,212),(24,24,354),(21,793,853),(22,634,77),(23,374,984),(24,674,720),(21,240,854),(22,757,809),(23,76,844),(24,802,120),(21,669,869),(22,218,945),(23,813,461),(24,786,55),(21,421,668),(22,329,728),(23,964,157),(24,875,459),(21,1011,515),(22,802,786),(23,262,456),(24,436,211),(21,679,211),(22,694,596),(23,593,900),(24,513,890),(21,455,193),(22,345,388),(23,571,817),(24,266,459),(21,310,22),(22,247,550),(23,581,270),(24,775,754),(21,391,354),(22,80,240),(23,1007,803),(24,17,139),(21,31,296),(22,848,990),(23,277,373),(24,237,378),(21,929,637),(22,159,335),(23,455,739),(24,1014,346),(21,485,781),(22,384,982),(23,301,254),(24,384,310),(21,832,768),(22,345,1),(23,283,791),(24,389,151),(21,225,631),(22,459,1024),(23,711,291),(24,846,330),(21,34,429),(22,123,475),(23,731,672),(24,482,436),(21,663,1022),(22,215,773),(23,405,386),(24,547,732),(21,1020,995),(22,996,379),(23,600,28),(24,8,153),(21,237,243),(22,225,766),(23,938,609),(24,869,718),(21,754,720),(22,222,205),(23,337,288),(24,443,216),(21,952,103),(22,233,997),(23,959,530),(24,930,1013),(21,195,258),(22,459,315),(23,805,605),(24,405,619),(21,8,802),(22,108,110),(23,551,893),(24,560,849),(21,881,932),(22,741,253),(23,223,213),(24,869,386),(21,619,977),(22,552,314),(23,355,541),(24,880,860),(21,330,636),(22,738,911),(23,729,1015),(24,638,873),(21,13,557),(22,588,18),(23,89,456),(24,722,539),(21,1004,335),(22,997,629),(23,614,196),(24,795,410),(21,189,890),(22,2,939),(23,66,789),(24,930,985),(21,424,329),(22,88,350),(23,659,141),(24,342,303),(21,501,398),(22,557,526),(23,289,267),(24,236,12),(21,633,485),(22,128,846),(23,84,844),(24,21,361),(21,370,184),(22,207,399),(23,420,383),(24,851,825),(21,310,711),(22,810,472),(23,1020,292),(24,843,615),(21,850,30),(22,835,445),(23,803,122),(24,446,46),(21,114,1017),(22,613,31),(23,481,855),(24,301,129),(21,204,800),(22,1020,881),(23,985,623),(24,561,657),(21,736,449),(22,598,689),(23,593,379),(24,109,158),(21,411,286),(22,699,487),(23,68,200),(24,907,252),(21,185,645),(22,284,732),(23,866,79),(24,532,112),(21,814,482),(22,940,461),(23,456,706),(24,19,990),(21,331,342),(22,639,199),(23,893,686),(24,593,957),(21,105,354),(22,597,823),(23,190,761),(24,415,561),(21,350,717),(22,605,702),(23,68,622),(24,954,81),(21,930,162),(22,35,862),(23,582,297),(24,111,797),(21,559,282),(22,340,741),(23,663,138),(24,882,711),(21,50,312),(22,516,703),(23,1024,306),(24,418,92),(21,210,39),(22,213,662),(23,551,23),(24,946,622),(21,915,337),(22,392,620),(23,214,70),(24,873,436),(21,10,293),(22,959,383),(23,266,82),(24,89,438),(21,901,753),(22,1014,944),(23,302,134),(24,887,235),(21,345,326),(22,732,537),(23,799,614),(24,707,795),(21,888,947),(22,839,411),(23,825,681),(24,245,843),(21,256,722),(22,70,263),(23,738,919),(24,954,627),(21,708,231),(22,7,728),(23,749,904),(24,115,870),(21,234,34),(22,81,539),(23,537,875),(24,828,379),(21,52,515),(22,675,625),(23,703,797),(24,524,698),(21,8,796),(22,891,558),(23,668,951),(24,830,761),(21,800,127),(22,329,68),(23,809,181),(24,796,231),(21,515,877),(22,270,632),(23,62,67),(24,529,741),(21,390,316),(22,808,168),(23,444,739),(24,47,477),(21,637,641),(22,276,13),(23,434,218),(24,875,584),(21,260,116),(22,133,455),(23,238,620),(24,821,952),(21,193,798),(22,6,314),(23,507,114),(24,576,415),(21,90,555),(22,895,132),(23,270,970),(24,813,949),(21,869,875),(22,100,591),(23,914,834),(24,996,38),(21,66,218),(22,287,921),(23,634,633),(24,137,3),(21,663,94),(22,178,797),(23,231,592),(24,55,1008),(21,197,249),(22,188,187),(23,111,839),(24,912,184),(21,676,990),(22,671,662),(23,571,313),(24,667,901),(21,173,581),(22,829,552),(23,126,399),(24,811,798),(21,554,849),(22,89,969),(23,916,573),(24,430,263),(21,85,350),(22,431,737),(23,257,193),(24,303,99),(21,495,470),(22,356,849),(23,758,639),(24,4,48),(21,997,710),(22,6,391),(23,395,719),(24,135,422),(21,1023,866),(22,985,851),(23,383,68),(24,517,216),(21,713,470),(22,483,237),(23,1014,177),(24,910,833),(21,36,565),(22,1001,675),(23,122,152),(24,681,926),(21,160,76),(22,950,801),(23,122,901),(24,655,396),(21,875,761),(22,0,717),(23,807,1020),(24,227,330),(21,556,657),(22,549,241),(23,619,20),(24,532,249),(21,137,452),(22,21,759),(23,49,235),(24,339,280),(21,610,567),(22,104,982),(23,281,21),(24,793,626),(21,475,362),(22,323,260),(23,843,662),(24,669,801),(21,841,283),(22,258,604),(23,363,274),(24,404,362),(21,771,621),(22,927,186),(23,265,83),(24,414,86),(21,599,548),(22,702,184),(23,266,452),(24,419,455),(21,808,1020),(22,551,725),(23,632,996),(24,38,551),(21,363,392),(22,947,61),(23,304,288),(24,923,359),(21,376,666),(22,206,107),(23,318,319),(24,545,507),(21,635,908),(22,21,45),(23,693,333),(24,310,720),(21,850,382),(22,47,188),(23,576,1018),(24,520,610),(21,808,683),(22,379,225),(23,39,759),(24,800,79),(21,919,146),(22,160,780),(23,693,753),(24,556,790),(21,832,455),(22,285,627),(23,986,133),(24,297,839),(21,756,1009),(22,565,129),(23,792,387),(24,4,591),(21,262,462),(22,124,989),(23,726,946),(24,737,974),(21,698,729),(22,166,1009),(23,412,68),(24,79,407),(21,147,132),(22,982,251),(23,1012,284),(24,232,921),(21,126,706),(22,19,200),(23,471,232),(24,77,636),(21,864,471),(22,206,410),(23,861,14),(24,419,376),(21,6,713),(22,336,960),(23,611,33),(24,677,405),(21,432,87),(22,567,557),(23,353,895),(24,665,160),(21,24,541),(22,829,984),(23,255,408),(24,787,330),(21,221,465),(22,421,805),(23,268,1012),(24,620,147),(21,974,395),(22,822,371),(23,950,290),(24,115,757),(21,41,601),(22,339,307),(23,709,56),(24,901,348),(21,54,601),(22,601,327),(23,995,769),(24,455,426),(21,264,144),(22,1022,377),(23,159,763),(24,247,397),(21,233,823),(22,257,696),(23,179,628),(24,462,596),(21,630,11),(22,284,830),(23,979,241),(24,454,786),(21,605,699),(22,74,808),(23,847,990),(24,38,215),(21,771,118),(22,708,98),(23,687,49),(24,1018,473),(21,105,813),(22,569,755),(23,467,963),(24,609,217),(21,529,425),(22,501,820),(23,935,399),(24,647,523),(21,57,646),(22,804,307),(23,384,92),(24,57,137),(21,420,529),(22,690,737),(23,64,681),(24,383,606),(21,715,680),(22,125,414),(23,794,451),(24,623,86),(21,291,206),(22,1006,742),(23,248,882),(24,212,558),(21,797,218),(22,653,139),(23,945,924),(24,853,533),(21,586,33),(22,443,337),(23,282,922),(24,38,217),(21,287,121),(22,254,385),(23,765,744),(24,957,617),(21,334,335),(22,248,257),(23,642,421),(24,1007,296),(21,495,686),(22,762,473),(23,1020,574),(24,490,611),(21,887,116),(22,567,908),(23,320,587),(24,603,815),(21,341,634),(22,838,770),(23,24,567),(24,427,178),(21,357,488),(22,428,178),(23,736,967),(24,27,752),(21,379,170),(22,86,936),(23,162,603),(24,297,956),(21,510,596),(22,942,495),(23,930,72),(24,690,179),(21,419,109),(22,270,659),(23,432,990),(24,733,815),(21,764,620),(22,651,126),(23,615,418),(24,42,261),(21,339,17),(22,435,451),(23,752,975),(24,541,325),(21,215,78),(22,155,103),(23,519,329),(24,778,583),(21,755,481),(22,307,607),(23,896,530),(24,132,446),(21,936,642),(22,309,773),(23,135,306),(24,900,23),(21,800,268),(22,631,964),(23,1004,349),(24,734,896),(21,356,461),(22,43,328),(23,873,507),(24,773,747),(21,482,687),(22,489,5),(23,936,236),(24,764,736),(21,568,686),(22,692,98),(23,681,845),(24,62,815),(21,946,489),(22,657,347),(23,283,740),(24,391,696),(21,339,707),(22,796,479),(23,79,426),(24,952,514),(21,543,901),(22,99,932),(23,338,115),(24,884,8),(21,815,520),(22,334,85),(23,292,436),(24,655,497),(21,69,796),(22,1020,694),(23,307,949),(24,191,202),(21,0,998),(22,162,177),(23,124,175),(24,283,35),(21,268,283),(22,1017,137),(23,725,146),(24,865,490),(21,12,342),(22,250,654),(23,622,526),(24,613,55),(21,952,363),(22,283,876),(23,282,719),(24,140,903),(21,447,263),(22,414,723),(23,445,932),(24,883,1005),(21,624,147),(22,147,461),(23,741,714),(24,781,46),(21,915,928),(22,744,484),(23,951,774),(24,421,998),(21,563,889),(22,217,270),(23,590,743),(24,755,501),(21,728,132),(22,795,128),(23,837,465),(24,531,911),(21,239,222),(22,944,144),(23,811,332),(24,905,392),(21,183,804),(22,983,714),(23,280,624),(24,131,682),(21,287,358),(22,364,948),(23,45,651),(24,334,651),(21,276,756),(22,245,1013),(23,855,706),(24,719,823),(21,261,208),(22,970,241),(23,71,991),(24,138,42),(21,179,836),(22,723,896),(23,407,467),(24,517,792),(21,900,260),(22,634,202),(23,436,489),(24,939,930),(21,460,611),(22,260,299),(23,48,914),(24,911,863),(21,603,504),(22,713,74),(23,448,489),(24,1020,463),(21,652,383),(22,305,469),(23,12,758),(24,136,722),(21,811,80),(22,630,723),(23,957,521),(24,278,575),(21,161,644),(22,840,705),(23,386,258),(24,917,810),(21,1022,114),(22,346,710),(23,750,830),(24,196,382),(21,739,424),(22,885,746),(23,941,239),(24,927,200),(21,109,1019),(22,288,611),(23,580,974),(24,709,527),(21,12,187),(22,169,710),(23,931,877),(24,29,33),(21,252,793),(22,778,659),(23,202,332),(24,552,656),(21,985,665),(22,142,944),(23,438,348),(24,963,996),(21,977,658),(22,902,718),(23,965,496),(24,863,950),(21,406,612),(22,42,528),(23,333,642),(24,603,890),(21,387,118),(22,726,279),(23,58,540),(24,931,846),(21,365,1010),(22,752,396),(23,136,591),(24,583,619),(21,733,934),(22,994,884),(23,396,530),(24,63,781),(21,627,76),(22,820,313),(23,433,194),(24,682,922),(21,111,36),(22,940,949),(23,229,592),(24,480,294),(21,294,476),(22,955,756),(23,687,672),(24,242,194),(21,521,94),(22,338,558),(23,60,789),(24,98,575),(21,982,845),(22,734,219),(23,761,567),(24,324,329),(21,1022,1021),(22,414,359),(23,171,881),(24,638,779),(21,737,209),(22,187,962),(23,969,885),(24,774,528),(21,883,638),(22,261,502),(23,504,714),(24,968,764),(21,381,800),(22,268,159),(23,963,37),(24,141,43),(21,427,344),(22,328,131),(23,382,969),(24,993,953),(21,1022,92),(22,168,659),(23,945,956),(24,338,59),(21,223,661),(22,395,169),(23,953,811),(24,175,64),(21,162,975),(22,995,435),(23,959,1014),(24,608,487),(21,810,911),(22,53,408),(23,865,434),(24,160,416),(21,759,583),(22,240,490),(23,103,97),(24,49,563),(21,861,461),(22,259,979),(23,247,676),(24,297,954),(21,69,748),(22,461,739),(23,817,141),(24,946,394),(21,921,297),(22,854,513),(23,565,986),(24,521,180),(21,403,818),(22,339,748),(23,165,656),(24,470,241),(21,467,882),(22,390,356),(23,465,468),(24,544,171),(21,392,443),(22,276,483),(23,833,16),(24,29,918),(21,446,610),(22,78,330),(23,986,151),(24,897,458),(21,508,249),(22,815,461),(23,783,116),(24,390,135),(21,973,470),(22,198,929),(23,224,419),(24,3,528),(21,812,353),(22,892,430),(23,743,965),(24,228,824),(21,578,767),(22,652,153),(23,228,370),(24,65,1016),(21,815,577),(22,798,625),(23,481,1022),(24,100,422),(21,285,583),(22,243,908),(23,963,525),(24,508,911),(21,712,448),(22,221,339),(23,379,1012),(24,573,91),(21,706,935),(22,855,993),(23,312,704),(24,297,783),(21,773,95),(22,1022,409),(23,776,402),(24,571,99),(21,278,366),(22,659,379),(23,402,642),(24,191,996),(21,240,715),(22,132,942),(23,27,929),(24,729,630),(21,25,328),(22,448,46),(23,714,546),(24,426,963),(21,483,722),(22,55,737),(23,646,505),(24,892,690),(21,655,923),(22,835,162),(23,647,160),(24,865,655),(21,931,868),(22,532,279),(23,954,84),(24,94,71),(21,906,1002),(22,142,510),(23,573,951),(24,897,629),(21,1017,404),(22,685,728),(23,898,670),(24,433,242),(21,489,241),(22,459,379),(23,254,500),(24,801,89),(21,902,969),(22,261,407),(23,619,783),(24,389,121),(21,703,242),(22,739,68),(23,52,467),(24,738,642),(21,590,920),(22,766,16),(23,367,335),(24,157,407),(21,191,1023),(22,231,619),(23,712,830),(24,841,109),(21,409,988),(22,672,483),(23,590,785),(24,61,78),(21,387,965),(22,905,288),(23,78,403),(24,39,736),(21,971,483),(22,217,588),(23,600,21),(24,20,492),(21,787,191),(22,72,176),(23,9,135),(24,736,761),(21,168,763),(22,201,750),(23,188,1020),(24,998,546),(21,93,788),(22,260,574),(23,919,85),(24,570,575),(21,563,503),(22,145,526),(23,30,715),(24,441,351),(21,854,450),(22,836,490),(23,641,128),(24,655,188),(21,1003,334),(22,502,55),(23,638,594),(24,894,418),(21,897,449),(22,679,50),(23,249,325),(24,847,752),(21,230,761),(22,282,714),(23,917,74),(24,838,458),(21,637,37),(22,780,1007),(23,540,184),(24,531,638),(21,968,516),(22,803,994),(23,510,891),(24,358,771),(21,994,1023),(22,137,1015),(23,32,717),(24,394,309),(21,665,122),(22,579,733),(23,317,53),(24,567,409),(21,642,725),(22,577,189),(23,493,260),(24,749,779),(21,765,590),(22,66,778),(23,14,503),(24,802,882),(21,550,70),(22,714,723),(23,48,483),(24,702,185),(21,310,646),(22,95,71),(23,946,655),(24,30,53),(21,77,737),(22,690,157),(23,830,846),(24,1018,416),(21,87,401),(22,667,913),(23,503,570),(24,982,638),(21,817,475),(22,710,121),(23,42,862),(24,22,643),(21,34,142),(22,464,705),(23,82,273),(24,250,794),(21,894,445),(22,1013,703),(23,939,462),(24,939,871),(21,311,312),(22,334,359),(23,925,583),(24,224,105),(21,489,601),(22,398,262),(23,1023,681),(24,576,913),(21,802,274),(22,784,825),(23,375,15),(24,893,415),(21,1023,588),(22,635,32),(23,761,803),(24,1007,417),(21,757,712),(22,665,277),(23,55,230),(24,250,757),(21,335,213),(22,422,7),(23,507,128),(24,779,897),(21,130,965),(22,289,10),(23,421,991),(24,615,762),(21,904,455),(22,245,690),(23,413,399),(24,161,388),(21,80,859),(22,988,377),(23,605,469),(24,178,920),(21,93,684),(22,494,49),(23,195,769),(24,30,933),(21,83,439),(22,176,565),(23,343,200),(24,897,699),(21,649,767),(22,293,233),(23,291,1013),(24,477,815),(21,66,970),(22,431,668),(23,825,579),(24,331,465),(21,222,757),(22,20,215),(23,845,428),(24,305,636),(21,577,973),(22,973,489),(23,817,434),(24,698,575),(21,213,869),(22,937,451),(23,148,405),(24,943,909),(21,692,443),(22,163,997),(23,968,28),(24,841,46),(21,514,391),(22,681,135),(23,647,192),(24,996,854),(21,557,961),(22,624,843),(23,382,487),(24,331,56),(21,1019,52),(22,336,767),(23,847,947),(24,44,889),(21,191,221),(22,870,184),(23,438,547),(24,156,531),(21,882,41),(22,318,803),(23,671,31),(24,226,182),(21,444,546),(22,590,122),(23,1017,566),(24,842,362),(21,6,319),(22,685,568),(23,260,149),(24,1017,809),(21,972,709),(22,684,212),(23,114,298),(24,412,829),(21,739,191),(22,996,39),(23,477,303),(24,694,119),(21,315,952),(22,442,907),(23,760,672),(24,106,637),(21,758,678),(22,391,252),(23,208,236),(24,648,1010),(21,958,50),(22,130,408),(23,980,1016),(24,870,706),(21,826,543),(22,155,126),(23,837,55),(24,678,401),(21,865,672),(22,555,468),(23,640,221),(24,853,430),(21,622,492),(22,435,141),(23,851,910),(24,333,381),(21,265,649),(22,742,776),(23,676,636),(24,409,137),(21,930,460),(22,296,251),(23,473,396),(24,697,153),(21,61,397),(22,158,219),(23,186,563),(24,53,126),(21,846,86),(22,372,786),(23,251,906),(24,20,683),(21,42,716),(22,128,528),(23,891,362),(24,89,794),(21,332,683),(22,1002,672),(23,820,308),(24,926,618),(21,851,208),(22,460,333),(23,924,214),(24,512,54),(21,383,369),(22,375,957),(23,820,377),(24,281,697),(21,473,695),(22,84,736),(23,807,867),(24,282,57),(21,329,175),(22,179,103),(23,615,245),(24,312,759),(21,228,741),(22,513,601),(23,191,945),(24,337,876),(21,613,870),(22,626,641),(23,544,964),(24,270,875),(21,278,656),(22,28,892),(23,440,614),(24,427,955),(21,546,879),(22,141,719),(23,212,32),(24,848,692),(21,731,1020),(22,321,119),(23,58,995),(24,961,59),(21,416,977),(22,204,770),(23,724,934),(24,511,474),(21,335,283),(22,379,747),(23,121,835),(24,135,52),(21,254,298),(22,499,125),(23,271,291),(24,215,267),(21,578,4),(22,625,17),(23,882,825),(24,244,147),(21,345,671),(22,707,635),(23,145,720),(24,478,783),(21,96,567),(22,441,675),(23,410,827),(24,3,795),(21,748,1002),(22,851,184),(23,337,715),(24,510,42),(21,41,477),(22,539,118),(23,815,198),(24,860,287),(21,891,367),(22,40,71),(23,47,664),(24,871,775),(21,451,717),(22,124,1012),(23,856,268),(24,78,323),(21,106,701),(22,182,520),(23,562,485),(24,36,269),(21,307,1011),(22,832,514),(23,959,504),(24,265,544),(21,878,644),(22,430,479),(23,388,132),(24,496,176),(21,964,157),(22,200,65),(23,703,634),(24,200,346),(21,1003,538),(22,474,399),(23,90,155),(24,923,34),(21,198,432),(22,626,729),(23,580,464),(24,375,1005),(21,414,772),(22,718,32),(23,86,840),(24,490,192),(21,371,518),(22,760,701),(23,808,804),(24,46,44),(21,491,161),(22,642,881),(23,226,196),(24,1024,953),(21,81,1001),(22,220,692),(23,237,968),(24,608,3),(21,135,117),(22,526,21),(23,0,596),(24,753,303),(21,166,251),(22,329,596),(23,70,352),(24,350,853),(21,58,279),(22,523,514),(23,220,481),(24,226,768),(21,642,485),(22,766,543),(23,177,952),(24,331,34),(21,974,989),(22,136,244),(23,767,440),(24,800,415),(21,420,537),(22,313,493),(23,865,79),(24,205,485),(21,490,174),(22,331,976),(23,393,230),(24,964,324),(21,498,737),(22,412,709),(23,494,284),(24,909,803),(21,663,343),(22,975,479),(23,493,917),(24,278,746),(21,367,480),(22,241,777),(23,274,166),(24,490,919),(21,125,917),(22,337,842),(23,117,476),(24,535,578),(21,1022,923),(22,807,141),(23,641,269),(24,574,287),(21,510,247),(22,982,145),(23,958,963),(24,553,783),(21,692,146),(22,741,746),(23,570,644),(24,130,311),(21,704,688),(22,865,603),(23,382,585),(24,384,638),(21,411,603),(22,251,283),(23,235,583),(24,942,566),(21,473,236),(22,408,532),(23,968,786),(24,55,599),(21,869,119),(22,459,381),(23,17,96),(24,66,479),(21,796,734),(22,555,222),(23,938,74),(24,304,326),(21,904,568),(22,25,785),(23,364,375),(24,990,784),(21,55,483),(22,559,221),(23,195,671),(24,241,415),(21,467,749),(22,964,394),(23,928,533),(24,646,57),(21,879,57),(22,276,892),(23,444,35),(24,1020,1008),(21,796,499),(22,593,838),(23,173,671),(24,643,649),(21,406,156),(22,941,633),(23,498,830),(24,148,680),(21,424,781),(22,396,605),(23,345,422),(24,457,269),(21,980,336),(22,948,792),(23,138,932),(24,968,32),(21,11,63),(22,669,896),(23,208,78),(24,83,559),(21,557,822),(22,901,683),(23,230,781),(24,477,109),(21,543,429),(22,183,777),(23,94,589),(24,907,478),(21,9,324),(22,939,700),(23,41,388),(24,16,673),(21,313,45),(22,853,431),(23,270,186),(24,469,324),(21,955,997),(22,622,590),(23,436,534),(24,387,44),(21,599,764),(22,196,369),(23,84,652),(24,545,67),(21,322,550),(22,923,84),(23,336,872),(24,865,36),(21,661,917),(22,666,527),(23,925,679),(24,449,402),(21,252,775),(22,482,986),(23,632,724),(24,184,62),(21,247,630),(22,364,912),(23,509,599),(24,199,126),(21,541,207),(22,441,722),(23,92,496),(24,612,121),(21,851,207),(22,471,970),(23,220,685),(24,67,21),(21,971,618),(22,578,566),(23,520,762),(24,508,732),(21,508,371),(22,229,81),(23,522,635),(24,260,957),(21,785,273),(22,330,677),(23,542,602),(24,266,189),(21,658,133),(22,768,643),(23,327,862),(24,35,548),(21,202,433),(22,322,498),(23,339,141),(24,22,388),(21,874,452),(22,1022,756),(23,734,1017),(24,287,448),(21,614,966),(22,642,736),(23,943,352),(24,142,158),(21,938,705),(22,179,790),(23,725,867),(24,650,566),(21,686,491),(22,169,943),(23,207,845),(24,667,426),(21,693,969),(22,937,541),(23,837,570),(24,377,642),(21,172,896),(22,344,87),(23,414,315),(24,715,538),(21,320,865),(22,931,727),(23,581,540),(24,230,195),(21,91,673),(22,545,753),(23,814,930),(24,230,415),(21,508,937),(22,848,965),(23,326,84),(24,678,373),(21,316,458),(22,102,481),(23,506,272),(24,600,903),(21,237,932),(22,258,810),(23,895,255),(24,957,231),(21,104,613),(22,752,890),(23,365,206),(24,845,555),(21,1001,1001),(22,679,494),(23,462,138),(24,615,635),(21,507,782),(22,873,629),(23,797,81),(24,235,180),(21,663,547),(22,969,202),(23,524,60),(24,625,6),(21,636,556),(22,680,318),(23,713,176),(24,671,456),(21,841,87),(22,664,135),(23,440,702),(24,308,51),(21,634,347),(22,525,322),(23,952,108),(24,904,567),(21,478,527),(22,708,765),(23,890,979),(24,258,382),(21,918,108),(22,94,420),(23,876,547),(24,757,806),(21,113,1023),(22,477,375),(23,385,774),(24,69,340),(21,693,888),(22,824,261),(23,373,185),(24,517,560),(21,427,63),(22,338,467),(23,147,749),(24,789,96),(21,304,735),(22,642,527),(23,38,220),(24,112,325),(21,471,1024),(22,862,142),(23,957,72),(24,877,431),(21,368,927),(22,951,98),(23,61,736),(24,10,54),(21,107,781),(22,628,872),(23,587,778),(24,476,277),(21,121,867),(22,557,46),(23,301,177),(24,382,888),(21,543,982),(22,852,161),(23,473,737),(24,947,51),(21,402,916),(22,100,887),(23,442,512),(24,947,716),(21,700,331),(22,118,5),(23,447,243),(24,480,821),(21,272,343),(22,490,465),(23,384,783),(24,438,302),(21,132,209),(22,998,307),(23,781,559),(24,1002,951),(21,619,137),(22,335,394),(23,183,184),(24,109,283),(21,385,56),(22,306,26),(23,666,399),(24,378,980),(21,60,340),(22,869,843),(23,758,268),(24,444,998),(21,989,285),(22,1011,1002),(23,929,13),(24,319,879),(21,941,958),(22,889,24),(23,479,158),(24,342,387),(21,481,110),(22,444,524),(23,31,118),(24,846,485),(21,323,770),(22,39,737),(23,330,832),(24,172,784),(21,578,146),(22,628,321),(23,957,579),(24,49,239),(21,575,866),(22,997,994),(23,724,872),(24,900,360),(21,643,60),(22,571,956),(23,747,577),(24,622,487),(21,537,940),(22,910,816),(23,455,154),(24,102,913),(21,520,18),(22,392,238),(23,877,969),(24,651,991),(21,988,931),(22,256,723),(23,185,119),(24,368,235),(21,445,474),(22,623,196),(23,136,1023),(24,760,266),(21,551,966),(22,331,842),(23,160,633),(24,1001,554),(21,570,363),(22,190,161),(23,230,860),(24,575,227),(21,487,568),(22,786,457),(23,533,769),(24,640,994),(21,523,142),(22,909,261),(23,624,930),(24,31,363),(21,503,655),(22,585,169),(23,584,865),(24,415,957),(21,1022,444),(22,977,812),(23,340,91),(24,985,776),(21,226,282),(22,474,744),(23,280,705),(24,856,514),(21,563,233),(22,437,165),(23,804,192),(24,201,75),(21,98,444),(22,851,472),(23,831,903),(24,895,451),(21,316,291),(22,980,696),(23,561,10),(24,240,888),(21,269,232),(22,21,854),(23,706,393),(24,437,573),(21,660,1002),(22,502,571),(23,43,983),(24,429,978),(21,1006,911),(22,523,637),(23,681,69),(24,287,582),(21,563,848),(22,852,639),(23,1022,177),(24,486,331),(21,600,451),(22,291,932),(23,789,508),(24,769,684),(21,199,299),(22,670,801),(23,392,609),(24,915,149),(21,726,377),(22,388,808),(23,124,883),(24,869,87),(21,104,322),(22,4,720),(23,72,117),(24,739,925),(21,170,716),(22,64,190),(23,647,417),(24,841,610),(21,130,162),(22,553,600),(23,867,953),(24,209,312),(21,1012,385),(22,432,853),(23,971,978),(24,650,811),(21,600,556),(22,572,632),(23,662,418),(24,411,547),(21,877,72),(22,706,930),(23,578,680),(24,744,627),(21,190,688),(22,854,459),(23,867,268),(24,1019,266),(21,610,628),(22,355,485),(23,672,246),(24,505,523),(21,794,72),(22,655,464),(23,490,213),(24,742,496),(21,507,297),(22,108,884),(23,754,282),(24,624,387),(21,192,283),(22,631,849),(23,774,852),(24,25,622),(21,85,320),(22,925,133),(23,81,529),(24,565,419),(21,218,165),(22,153,677),(23,603,976),(24,924,26),(21,74,358),(22,777,839),(23,530,971),(24,500,928),(21,753,837),(22,809,743),(23,970,349),(24,224,596),(21,160,688),(22,905,99),(23,253,266),(24,402,208),(21,273,581),(22,742,340),(23,778,105),(24,314,210),(21,795,163),(22,16,314),(23,184,383),(24,335,453),(21,893,901),(22,431,265),(23,791,540),(24,509,682),(21,714,228),(22,862,676),(23,845,246),(24,15,199),(21,10,613),(22,1007,780),(23,437,924),(24,845,454),(21,171,528),(22,667,549),(23,610,661),(24,700,471),(21,1004,1015),(22,205,991),(23,65,803),(24,826,382),(21,901,24),(22,46,555),(23,827,267),(24,952,1013),(21,975,245),(22,454,324),(23,641,102),(24,882,27),(21,37,59),(22,136,603),(23,172,298),(24,903,248),(21,984,905),(22,716,460),(23,55,284),(24,348,412),(21,851,87),(22,306,135),(23,864,164),(24,489,757),(21,228,787),(22,1009,77),(23,899,341),(24,788,553),(21,720,255),(22,648,696),(23,696,356),(24,436,68),(21,388,436),(22,108,1019),(23,661,740),(24,21,869),(21,521,461),(22,909,709),(23,803,365),(24,903,847),(21,811,444),(22,480,659),(23,520,864),(24,798,1019),(21,277,887),(22,308,240),(23,485,446),(24,635,216),(21,810,719),(22,195,608),(23,133,301),(24,418,542),(21,649,807),(22,214,480),(23,759,915),(24,366,981),(21,32,916),(22,953,953),(23,406,746),(24,335,207),(21,38,369),(22,565,879),(23,729,908),(24,625,622),(21,391,1023),(22,548,228),(23,456,198),(24,253,163),(21,745,641),(22,948,750),(23,991,902),(24,215,762),(21,734,743),(22,990,415),(23,40,353),(24,52,974),(21,56,136),(22,398,1004),(23,794,412),(24,237,541),(21,145,364),(22,285,912),(23,942,504),(24,958,971),(21,954,425),(22,462,170),(23,162,80),(24,381,421),(21,767,36),(22,797,261),(23,135,306),(24,96,79),(21,332,132),(22,605,833),(23,73,336),(24,117,702),(21,833,146),(22,486,468),(23,584,6),(24,398,803),(21,5,452),(22,71,897),(23,174,617),(24,271,9),(21,459,588),(22,884,898),(23,982,501),(24,299,497),(21,1009,718),(22,329,643),(23,949,109),(24,1016,583),(21,172,693),(22,177,295),(23,340,684),(24,316,722),(21,547,937),(22,297,889),(23,448,188),(24,849,836),(21,979,607),(22,1009,987),(23,419,67),(24,928,924),(21,821,867),(22,199,119),(23,553,11),(24,388,337),(21,446,169),(22,246,52),(23,703,209),(24,499,979),(21,519,606),(22,627,922),(23,974,512),(24,557,479),(21,10,978),(22,445,277),(23,217,567),(24,605,611),(21,449,263),(22,532,492),(23,432,224),(24,757,95),(21,888,29),(22,319,139),(23,455,920),(24,961,61),(21,949,61),(22,57,67),(23,125,1022),(24,47,357),(21,722,482),(22,630,373),(23,921,893),(24,849,563),(21,677,171),(22,55,363),(23,605,717),(24,430,639),(21,914,714),(22,636,677),(23,679,768),(24,823,525),(21,894,468),(22,47,295),(23,488,429),(24,218,600),(21,866,218),(22,154,483),(23,269,463),(24,772,32),(21,385,921),(22,903,469),(23,532,462),(24,250,810),(21,813,928),(22,552,923),(23,646,166),(24,869,851),(21,866,392),(22,132,453),(23,646,281),(24,575,13),(21,900,207),(22,212,991),(23,132,741),(24,620,468),(21,1007,579),(22,792,177),(23,416,667),(24,114,545),(21,856,49),(22,1018,115),(23,150,449),(24,408,345),(21,4,1009),(22,835,563),(23,338,133),(24,330,479),(21,1018,110),(22,244,534),(23,443,376),(24,831,855),(21,404,266),(22,617,824),(23,46,687),(24,569,130),(21,278,869),(22,609,601),(23,690,355),(24,164,58),(21,828,567),(22,428,757),(23,752,455),(24,692,628),(21,89,619),(22,628,542),(23,370,239),(24,956,635),(21,1013,343),(22,366,755),(23,719,680),(24,710,366),(21,589,461),(22,873,619),(23,261,765),(24,755,102),(21,140,790),(22,20,334),(23,815,719),(24,686,208),(21,124,50),(22,792,786),(23,93,141),(24,54,303),(21,160,202),(22,853,444),(23,474,70),(24,504,916),(21,110,930),(22,481,29),(23,311,620),(24,431,670),(21,1009,708),(22,891,42),(23,307,63),(24,602,442),(21,882,997),(22,796,605),(23,741,527),(24,229,259),(21,232,567),(22,159,858),(23,153,721),(24,408,330),(21,541,338),(22,119,687),(23,1003,537),(24,552,563),(21,345,734),(22,228,69),(23,186,111),(24,347,685),(21,560,593),(22,607,937),(23,280,223),(24,247,224),(21,178,51),(22,343,902),(23,267,285),(24,13,337),(21,928,647),(22,17,460),(23,248,879),(24,506,755),(21,268,1017),(22,120,172),(23,862,369),(24,980,626),(21,578,167),(22,330,982),(23,843,915),(24,855,572),(21,794,85),(22,842,509),(23,606,538),(24,238,187),(21,981,252),(22,908,578),(23,115,367),(24,951,169),(21,29,669),(22,623,229),(23,252,956),(24,454,817),(21,115,510),(22,467,442),(23,646,348),(24,456,79),(21,591,172),(22,749,761),(23,184,830),(24,577,735),(21,210,444),(22,1004,332),(23,741,670),(24,97,256),(21,582,195),(22,846,290),(23,286,501),(24,610,211),(21,565,873),(22,880,983),(23,144,781),(24,351,196),(21,161,956),(22,665,819),(23,260,837),(24,206,688),(21,531,393),(22,850,581),(23,590,434),(24,746,726),(21,358,860),(22,919,863),(23,10,429),(24,912,343),(21,667,847),(22,835,822),(23,609,807),(24,414,19),(21,138,435),(22,335,923),(23,1013,904),(24,304,474),(21,1000,788),(22,274,147),(23,736,147),(24,603,207),(21,364,103),(22,699,108),(23,407,369),(24,174,392),(21,955,480),(22,54,991),(23,336,641),(24,880,507),(21,271,752),(22,360,276),(23,170,322),(24,574,768),(21,702,189),(22,591,641),(23,735,890),(24,125,650),(21,985,477),(22,725,628),(23,67,368),(24,725,424),(21,665,989),(22,483,321),(23,812,898),(24,912,144),(21,399,89),(22,148,327),(23,465,498),(24,89,864),(21,980,230),(22,854,884),(23,682,452),(24,109,451),(21,36,419),(22,974,74),(23,264,809),(24,62,247),(21,727,1018),(22,538,293),(23,585,841),(24,708,340),(21,11,437),(22,386,622),(23,609,513),(24,432,546),(21,724,5),(22,535,30),(23,755,784),(24,420,823),(21,343,605),(22,0,270),(23,838,288),(24,250,659),(21,113,341),(22,535,953),(23,129,635),(24,158,281),(21,610,188),(22,110,212),(23,59,39),(24,464,587),(21,583,470),(22,5,860),(23,607,608),(24,246,334),(21,404,326),(22,24,431),(23,868,528),(24,812,674),(21,83,397),(22,11,633),(23,6,660),(24,732,267),(21,794,9),(22,281,784),(23,301,74),(24,349,804),(21,920,724),(22,843,516),(23,87,405),(24,925,715),(21,869,779),(22,542,269),(23,282,190),(24,584,124),(21,212,354),(22,869,571),(23,459,847),(24,456,544),(21,468,956),(22,964,598),(23,198,330),(24,174,637),(21,468,792),(22,102,859),(23,32,290),(24,217,81),(21,541,348),(22,353,900),(23,623,282),(24,665,58),(21,338,958),(22,381,756),(23,901,107),(24,154,973),(21,674,822),(22,32,377),(23,883,232),(24,93,673),(21,745,532),(22,769,1015),(23,184,736),(24,776,367),(21,500,717),(22,554,796),(23,620,391),(24,620,445),(21,260,919),(22,948,130),(23,963,604),(24,1002,93),(21,267,893),(22,470,8),(23,304,184),(24,525,386),(21,606,622),(22,122,416),(23,734,414),(24,637,973),(21,788,775),(22,291,125),(23,50,663),(24,994,770),(21,796,138),(22,326,681),(23,843,550),(24,632,760),(21,218,1001),(22,120,814),(23,614,32),(24,592,399),(21,528,629),(22,911,315),(23,730,61),(24,670,733),(21,658,766),(22,251,669),(23,855,176),(24,720,237),(21,217,525),(22,989,307),(23,280,393),(24,643,666),(21,943,55),(22,538,29),(23,823,982),(24,451,1),(21,1021,442),(22,876,343),(23,23,837),(24,499,495),(21,230,205),(22,852,585),(23,271,223),(24,322,892),(21,950,673),(22,776,893),(23,336,346),(24,7,522),(21,908,478),(22,335,346),(23,306,923),(24,592,243),(21,54,405),(22,661,241),(23,967,138),(24,910,259),(21,64,768),(22,869,413),(23,246,18),(24,283,594),(21,949,303),(22,11,512),(23,807,101),(24,847,981),(21,895,110),(22,701,833),(23,570,141),(24,372,1023),(21,99,545),(22,715,218),(23,952,694),(24,560,634),(21,884,313),(22,905,719),(23,375,41),(24,868,472),(21,634,63),(22,256,182),(23,430,91),(24,810,763),(21,701,50),(22,601,389),(23,710,459),(24,155,990),(21,810,30),(22,178,510),(23,633,727),(24,597,954),(21,974,127),(22,74,695),(23,491,851),(24,499,554),(21,556,7),(22,447,947),(23,805,874),(24,233,667),(21,712,470),(22,380,927),(23,79,271),(24,688,68),(21,592,944),(22,851,379),(23,734,430),(24,722,463),(21,312,831),(22,127,230),(23,208,994),(24,55,807),(21,962,882),(22,307,935),(23,223,129),(24,643,899),(21,502,820),(22,982,712),(23,1011,260),(24,4,746),(21,254,224),(22,542,996),(23,478,984),(24,528,920),(21,925,973),(22,379,426),(23,124,449),(24,503,912),(21,88,494),(22,1009,447),(23,894,102),(24,802,489),(21,672,1022),(22,270,41),(23,796,476),(24,242,1008),(21,620,938),(22,497,866),(23,514,587),(24,47,914),(21,465,400),(22,981,727),(23,176,741),(24,303,540),(21,68,288),(22,149,579),(23,904,65),(24,56,1013),(21,608,851),(22,821,593),(23,80,756),(24,223,702),(21,666,186),(22,99,704),(23,139,266),(24,954,683),(21,877,787),(22,919,846),(23,301,103),(24,607,637),(21,1021,780),(22,462,536),(23,450,103),(24,880,22),(21,874,314),(22,631,199),(23,410,831),(24,71,9),(21,469,108),(22,615,298),(23,747,343),(24,925,1002),(21,181,115),(22,252,126),(23,702,181),(24,501,772),(21,1020,1),(22,93,27),(23,551,571),(24,714,738),(21,976,445),(22,817,301),(23,147,404),(24,833,521),(21,191,524),(22,829,316),(23,823,581),(24,463,215),(21,927,656),(22,859,31),(23,76,396),(24,504,610),(21,690,422),(22,716,116),(23,857,83),(24,792,596),(21,880,403),(22,420,424),(23,755,655),(24,270,131),(21,853,419),(22,139,960),(23,472,434),(24,262,748),(21,63,352),(22,440,727),(23,56,347),(24,833,700),(21,271,535),(22,320,225),(23,555,39),(24,958,654),(21,768,89),(22,865,272),(23,280,73),(24,227,548),(21,210,980),(22,619,722),(23,809,985),(24,887,309),(21,68,351),(22,730,891),(23,719,61),(24,133,56),(21,682,771),(22,548,192),(23,10,308),(24,421,230),(21,334,678),(22,601,90),(23,947,594),(24,321,402),(21,444,845),(22,766,1024),(23,910,504),(24,833,118),(21,772,697),(22,264,854),(23,188,49),(24,493,915),(21,38,997),(22,1024,602),(23,974,1014),(24,649,793),(21,91,536),(22,106,615),(23,343,248),(24,861,888),(21,603,519),(22,867,379),(23,639,57),(24,536,838),(21,1019,633),(22,303,440),(23,15,698),(24,958,82),(21,79,510),(22,135,471),(23,255,831),(24,708,992),(21,564,714),(22,774,545),(23,992,638),(24,143,325),(21,345,676),(22,235,916),(23,110,480),(24,248,431),(21,823,623),(22,905,751),(23,844,1009),(24,747,66),(21,79,111),(22,608,868),(23,637,979),(24,330,280),(21,113,21),(22,415,294),(23,362,997),(24,967,474),(21,1,922),(22,89,496),(23,538,185),(24,251,702),(21,267,293),(22,555,959),(23,467,1004),(24,288,75),(21,805,716),(22,860,357),(23,64,63),(24,407,758),(21,507,566),(22,89,471),(23,957,26),(24,440,867),(21,364,405),(22,327,665),(23,605,885),(24,190,27),(21,307,4),(22,533,897),(23,731,123),(24,483,816),(21,860,891),(22,259,647),(23,488,801),(24,1013,437),(21,127,339),(22,341,123),(23,209,869),(24,180,575),(21,806,485),(22,836,726),(23,276,508),(24,40,368),(21,825,160),(22,389,462),(23,8,923),(24,160,833),(21,806,498),(22,153,621),(23,752,442),(24,1002,32),(21,80,658),(22,385,2),(23,98,216),(24,597,730),(21,725,621),(22,612,813),(23,423,488),(24,332,79),(21,598,712),(22,692,720),(23,874,31),(24,446,450),(21,280,829),(22,974,421),(23,299,582),(24,590,789),(21,587,431),(22,479,764),(23,408,349),(24,638,395),(21,156,661),(22,283,39),(23,171,382),(24,910,868),(21,749,835),(22,88,204),(23,512,245),(24,3,53),(21,68,749),(22,511,693),(23,295,639),(24,810,349),(21,223,289),(22,901,422),(23,24,980),(24,225,556),(21,629,967),(22,1013,958),(23,307,295),(24,316,535),(21,256,997),(22,536,351),(23,46,980),(24,708,134),(21,43,679),(22,669,972),(23,918,736),(24,277,104),(21,776,77),(22,772,425),(23,471,781),(24,616,234),(21,764,1014),(22,239,501),(23,1017,444),(24,541,578),(21,483,369),(22,464,380),(23,536,429),(24,486,119),(21,91,532),(22,776,856),(23,294,951),(24,30,132),(21,1012,99),(22,634,896),(23,600,330),(24,675,858),(21,656,142),(22,624,572),(23,542,456),(24,47,268),(21,417,949),(22,297,72),(23,444,990),(24,933,595),(21,975,766),(22,181,886),(23,878,471),(24,596,78),(21,641,163),(22,61,645),(23,197,1011),(24,957,268),(21,517,12),(22,777,999),(23,637,613),(24,59,64),(21,542,131),(22,451,265),(23,476,839),(24,974,181),(21,1008,157),(22,215,51),(23,268,382),(24,242,742),(21,641,298),(22,351,650),(23,424,351),(24,265,744),(21,222,382),(22,939,300),(23,536,950),(24,323,507),(21,287,334),(22,856,1010),(23,538,716),(24,654,517),(21,248,715),(22,595,964),(23,93,223),(24,628,214),(21,279,844),(22,472,630),(23,475,293),(24,183,601),(21,950,634),(22,154,361),(23,587,99),(24,281,727),(21,384,974),(22,915,479),(23,165,585),(24,726,334),(21,645,327),(22,338,623),(23,119,369),(24,651,87),(21,112,591),(22,981,168),(23,362,427),(24,510,654),(21,1014,268),(22,844,80),(23,268,71),(24,559,669),(21,441,205),(22,762,361),(23,362,426),(24,794,239),(21,295,151),(22,36,335),(23,769,285),(24,530,350),(21,103,934),(22,325,551),(23,606,926),(24,280,843),(21,264,528),(22,938,32),(23,163,611),(24,422,722),(21,600,303),(22,399,961),(23,756,304),(24,679,992),(21,1003,410),(22,26,327),(23,367,176),(24,599,567),(21,676,631),(22,636,763),(23,550,443),(24,136,537),(21,335,479),(22,423,236),(23,1005,436),(24,542,657),(21,137,296),(22,934,828),(23,630,1021),(24,220,708),(21,733,302),(22,860,425),(23,197,487),(24,253,913),(21,435,360),(22,242,962),(23,425,288),(24,987,876),(21,482,709),(22,784,864),(23,305,897),(24,202,56),(21,716,637),(22,566,425),(23,106,568),(24,211,977),(21,159,694),(22,207,173),(23,323,491),(24,323,921),(21,351,295),(22,375,194),(23,415,794),(24,264,811),(21,178,247),(22,409,447),(23,29,78),(24,516,936),(21,260,797),(22,371,646),(23,255,441),(24,999,144),(21,776,207),(22,545,753),(23,72,392),(24,522,655),(21,896,1017),(22,989,16),(23,321,991),(24,701,1005),(21,1013,850),(22,356,748),(23,773,671),(24,447,322),(21,1010,643),(22,350,534),(23,1021,112),(24,131,700),(21,128,774),(22,358,33),(23,248,284),(24,636,304),(21,534,76),(22,317,510),(23,668,61),(24,351,778),(21,326,589),(22,590,743),(23,489,12),(24,898,72),(21,468,853),(22,787,684),(23,712,906),(24,625,458),(21,916,92),(22,714,692),(23,91,116),(24,283,400),(21,895,116),(22,869,238),(23,176,378),(24,897,418),(21,934,952),(22,1016,295),(23,993,992),(24,179,286),(21,440,41),(22,929,619),(23,121,28),(24,628,495),(21,474,26),(22,1010,1008),(23,716,572),(24,1012,453),(21,56,656),(22,902,970),(23,997,474),(24,764,901),(21,869,350),(22,447,555),(23,272,556),(24,494,828),(21,976,889),(22,830,980),(23,597,710),(24,112,145),(21,263,26),(22,286,744),(23,38,837),(24,423,740),(21,485,357),(22,846,680),(23,814,704),(24,1002,119),(21,320,678),(22,750,360),(23,271,149),(24,297,188),(21,943,235),(22,216,167),(23,757,852),(24,988,855),(21,664,705),(22,581,509),(23,895,153),(24,608,0),(21,11,236),(22,426,582),(23,317,76),(24,159,1013),(21,454,328),(22,870,435),(23,606,53),(24,698,66),(21,971,806),(22,54,647),(23,134,253),(24,738,99),(21,360,275),(22,424,30),(23,307,459),(24,926,230),(21,301,150),(22,4,777),(23,647,467),(24,694,213),(21,349,146),(22,392,193),(23,716,769),(24,647,340),(21,969,616),(22,823,563),(23,832,680),(24,55,123),(21,88,950),(22,31,356),(23,989,688),(24,811,496),(21,470,70),(22,825,815),(23,560,7),(24,790,940),(21,532,453),(22,884,735),(23,885,565),(24,339,116),(21,858,750),(22,188,114),(23,763,297),(24,143,241),(21,226,216),(22,1021,786),(23,976,519),(24,437,852),(21,281,818),(22,845,834),(23,665,599),(24,811,159),(21,60,179),(22,167,870),(23,970,458),(24,326,33),(21,452,148),(22,73,336),(23,820,269),(24,167,897),(21,491,672),(22,132,108),(23,290,685),(24,153,714),(21,491,427),(22,957,438),(23,653,690),(24,847,414),(21,935,323),(22,989,514),(23,385,893),(24,638,143),(21,906,624),(22,608,685),(23,586,988),(24,497,684),(21,652,569),(22,338,803),(23,62,682),(24,845,548),(21,502,147),(22,50,404),(23,479,694),(24,111,1018),(21,255,987),(22,31,833),(23,532,489),(24,327,447),(21,491,255),(22,215,616),(23,127,350),(24,296,589),(21,487,492),(22,577,535),(23,94,560),(24,319,255),(21,453,996),(22,239,992),(23,249,793),(24,270,386),(21,745,218),(22,829,866),(23,52,266),(24,576,806),(21,319,23),(22,719,73),(23,707,410),(24,297,504),(21,475,780),(22,646,64),(23,235,58),(24,582,772),(21,862,639),(22,563,807),(23,362,896),(24,488,287),(21,399,385),(22,484,830),(23,34,715),(24,912,786),(21,253,724),(22,860,308),(23,917,546),(24,722,101),(21,795,937),(22,2,538),(23,715,613),(24,367,729),(21,532,765),(22,933,0),(23,587,898),(24,646,251),(21,360,3),(22,152,523),(23,123,22),(24,747,149),(21,736,688),(22,325,76),(23,188,769),(24,361,45),(21,266,425),(22,247,571),(23,528,213),(24,901,920),(21,724,65),(22,272,607),(23,265,829),(24,306,798),(21,126,171),(22,995,455),(23,527,487),(24,454,555),(21,978,978),(22,604,984),(23,786,15),(24,579,792),(21,186,8),(22,706,545),(23,964,223),(24,729,504),(21,861,921),(22,850,896),(23,79,671),(24,405,73),(21,398,45),(22,69,730),(23,660,306),(24,112,866),(21,60,984),(22,0,488),(23,447,329),(24,910,677),(21,367,334),(22,454,712),(23,733,995),(24,270,663),(21,49,766),(22,46,55),(23,442,766),(24,994,401),(21,1007,855),(22,212,479),(23,329,576),(24,896,658),(21,28,627),(22,800,19),(23,334,367),(24,69,318),(21,297,158),(22,958,827),(23,420,781),(24,116,687),(21,121,611),(22,34,789),(23,298,389),(24,252,216),(21,593,930),(22,923,255),(23,713,546),(24,973,424),(21,289,677),(22,579,165),(23,361,714),(24,411,233),(21,711,872),(22,836,725),(23,486,588),(24,79,958),(21,969,395),(22,18,614),(23,155,888),(24,624,5),(21,823,447),(22,1020,39),(23,971,932),(24,111,172),(21,711,927),(22,5,212),(23,1011,612),(24,502,122),(21,64,51),(22,871,302),(23,515,471),(24,572,118),(21,552,34),(22,316,678),(23,465,278),(24,906,96),(21,780,810),(22,777,645),(23,510,728),(24,243,112),(21,118,982),(22,1016,275),(23,304,243),(24,58,281),(21,574,493),(22,34,735),(23,551,239),(24,658,218),(21,851,148),(22,28,151),(23,353,503),(24,166,731),(21,558,879),(22,629,488),(23,67,662),(24,822,97),(21,841,174),(22,841,282),(23,560,739),(24,32,158),(21,809,741),(22,833,354),(23,82,186),(24,1024,236),(21,924,964),(22,408,859),(23,309,951),(24,656,937),(21,56,315),(22,233,762),(23,283,1020),(24,854,25),(21,225,658),(22,776,307),(23,924,29),(24,830,873),(21,109,187),(22,731,1009),(23,857,700),(24,665,627),(21,3,141),(22,407,783),(23,62,324),(24,609,1016),(21,437,975),(22,138,378),(23,793,438),(24,347,280),(21,964,803),(22,516,653),(23,809,200),(24,2,551),(21,402,617),(22,309,871),(23,755,961),(24,942,173),(21,906,75),(22,224,419),(23,349,269),(24,884,893),(21,648,1015),(22,163,647),(23,765,619),(24,953,95),(21,482,635),(22,691,263),(23,844,567),(24,595,386),(21,786,772),(22,789,882),(23,43,301),(24,275,742),(21,544,310),(22,798,775),(23,801,913),(24,428,882),(21,405,90),(22,347,118),(23,908,188),(24,374,757),(21,513,916),(22,936,86),(23,637,229),(24,105,14),(21,817,678),(22,506,33),(23,838,439),(24,936,311),(21,607,264),(22,411,763),(23,316,240),(24,918,541),(21,576,1001),(22,686,293),(23,704,563),(24,415,787),(21,629,216),(22,347,268),(23,418,374),(24,281,123),(21,124,206),(22,190,732),(23,325,372),(24,173,6),(21,410,35),(22,588,949),(23,695,256),(24,482,942),(21,278,628),(22,90,595),(23,292,188),(24,774,190),(21,149,72),(22,677,913),(23,27,86),(24,895,745),(21,194,961),(22,497,1014),(23,531,261),(24,76,948),(21,752,251),(22,429,144),(23,525,254),(24,631,361),(21,767,402),(22,280,246),(23,822,872),(24,821,603),(21,702,77),(22,148,365),(23,872,694),(24,582,440),(21,588,298),(22,620,273),(23,432,326),(24,543,860),(21,964,825),(22,43,405),(23,973,160),(24,352,589),(21,541,954),(22,477,252),(23,697,267),(24,748,35),(21,76,883),(22,427,392),(23,54,363),(24,109,915),(21,444,984),(22,268,593),(23,68,471),(24,589,851),(21,807,278),(22,1017,602),(23,374,500),(24,924,458),(21,130,939),(22,962,755),(23,329,777),(24,814,164),(21,482,85),(22,439,495),(23,443,38),(24,798,729),(21,11,300),(22,814,979),(23,1000,996),(24,872,934),(21,393,599),(22,987,138),(23,208,574),(24,507,10),(21,334,806),(22,485,140),(23,963,11),(24,896,802),(21,664,883),(22,568,678),(23,928,788),(24,399,48),(21,264,857),(22,1012,5),(23,714,979),(24,982,116),(21,558,853),(22,285,924),(23,501,78),(24,1018,21),(21,867,309),(22,525,629),(23,48,313),(24,980,455),(21,825,160),(22,111,612),(23,860,232),(24,869,899),(21,418,138),(22,93,646),(23,597,551),(24,997,587),(21,127,707),(22,985,994),(23,915,460),(24,485,638),(21,705,412),(22,999,479),(23,741,579),(24,648,174),(21,630,83),(22,51,218),(23,6,897),(24,204,886),(21,480,390),(22,804,958),(23,90,211),(24,357,107),(21,590,588),(22,678,576),(23,730,10),(24,754,67),(21,977,619),(22,1001,520),(23,256,893),(24,905,845),(21,66,213),(22,518,138),(23,158,432),(24,737,207),(21,28,598),(22,1018,998),(23,570,366),(24,164,997),(21,67,238),(22,652,433),(23,124,370),(24,876,3),(21,81,748),(22,487,587),(23,565,950),(24,231,354),(21,392,190),(22,448,212),(23,738,933),(24,269,677),(21,94,585),(22,11,905),(23,324,586),(24,529,571),(21,411,938),(22,119,659),(23,562,809),(24,170,216),(21,755,566),(22,1,682),(23,994,207),(24,25,728),(21,1006,867),(22,832,710),(23,690,292),(24,194,162),(21,179,814),(22,852,415),(23,500,273),(24,114,563),(21,68,698),(22,666,227),(23,721,455),(24,216,821),(21,781,606),(22,718,333),(23,1013,660),(24,649,477),(21,415,848),(22,421,198),(23,115,632),(24,441,657),(21,218,377),(22,621,178),(23,4,185),(24,861,906),(21,77,158),(22,628,258),(23,468,304),(24,435,410),(21,547,528),(22,735,531),(23,223,732),(24,979,1009),(21,78,142),(22,42,530),(23,958,919),(24,685,310),(21,94,638),(22,283,365),(23,357,95),(24,104,499),(21,312,882),(22,91,567),(23,39,709),(24,716,69),(21,142,606),(22,525,557),(23,1002,456),(24,323,25),(21,589,407),(22,276,728),(23,792,501),(24,188,235),(21,238,123),(22,882,315),(23,388,199),(24,527,943),(21,597,930),(22,411,577),(23,650,763),(24,971,708),(21,363,395),(22,574,533),(23,241,419),(24,800,710),(21,575,811),(22,736,817),(23,578,891),(24,309,484),(21,694,983),(22,16,721),(23,369,120),(24,899,972),(21,13,522),(22,1002,869),(23,385,382),(24,340,146),(21,302,15),(22,21,981),(23,811,918),(24,680,836),(21,801,769),(22,932,337),(23,306,899),(24,429,864),(21,520,737),(22,933,896),(23,527,391),(24,80,578),(21,624,593),(22,960,174),(23,56,849),(24,18,525),(21,838,116),(22,238,981),(23,254,9),(24,33,189),(21,588,760),(22,19,854),(23,948,708),(24,139,699),(21,826,656),(22,762,403),(23,198,82),(24,399,634),(21,185,496),(22,93,709),(23,495,891),(24,610,445),(21,250,128),(22,173,32),(23,412,415),(24,19,976),(21,65,771),(22,134,412),(23,259,227),(24,218,710),(21,465,762),(22,758,604),(23,115,249),(24,971,667),(21,80,419),(22,431,805),(23,117,584),(24,435,253),(21,108,454),(22,458,738),(23,207,980),(24,180,396),(21,125,628),(22,8,731),(23,619,746),(24,742,40),(21,650,407),(22,377,730),(23,178,415),(24,741,778),(21,603,456),(22,933,243),(23,47,594),(24,201,409),(21,922,505),(22,644,558),(23,618,382),(24,669,150),(21,433,599),(22,280,346),(23,243,754),(24,604,377),(21,327,832),(22,452,820),(23,749,122),(24,112,507),(21,127,530),(22,81,344),(23,931,368),(24,135,417),(21,173,665),(22,237,684),(23,157,395),(24,132,691),(21,758,439),(22,405,15),(23,649,520),(24,131,136),(21,452,672),(22,574,129),(23,598,447),(24,992,246),(21,173,535),(22,476,728),(23,235,792),(24,262,623),(21,80,405),(22,733,750),(23,812,148),(24,757,578),(21,607,297),(22,482,473),(23,787,131),(24,966,562),(21,207,554),(22,904,440),(23,750,546),(24,792,660),(21,178,205),(22,675,84),(23,188,78),(24,238,391),(21,48,54),(22,685,186),(23,955,117),(24,170,223),(21,663,84),(22,400,685),(23,212,759),(24,792,660),(21,402,718),(22,930,823),(23,248,287),(24,50,533),(21,552,132),(22,723,157),(23,936,149),(24,866,542),(21,776,114),(22,184,416),(23,387,113),(24,992,230),(21,181,897),(22,646,233),(23,141,839),(24,983,591),(21,365,1007),(22,621,332),(23,573,679),(24,612,45),(21,682,152),(22,712,526),(23,634,326),(24,914,302),(21,162,341),(22,745,220),(23,96,24),(24,92,444),(21,280,1006),(22,506,819),(23,303,700),(24,613,393),(21,51,943),(22,287,907),(23,809,661),(24,957,520),(21,647,300),(22,71,39),(23,859,265),(24,110,692),(21,784,265),(22,501,177),(23,956,12),(24,345,564),(21,193,360),(22,789,33),(23,86,589),(24,767,609),(21,380,675),(22,858,967),(23,688,415),(24,639,585),(21,791,262),(22,951,688),(23,453,836),(24,700,600),(21,717,398),(22,39,803),(23,1006,516),(24,461,419),(21,78,562),(22,913,571),(23,473,354),(24,551,513),(21,493,706),(22,963,97),(23,50,577),(24,363,173),(21,992,556),(22,58,88),(23,104,910),(24,738,451),(21,432,687),(22,966,145),(23,43,263),(24,506,314),(21,646,216),(22,955,50),(23,738,46),(24,83,564),(21,14,258),(22,577,544),(23,38,616),(24,508,742),(21,492,919),(22,654,969),(23,347,891),(24,223,385),(21,226,11),(22,80,724),(23,735,765),(24,977,14),(21,760,653),(22,187,432),(23,757,269),(24,800,824),(21,745,934),(22,557,842),(23,459,862),(24,734,373),(21,82,429),(22,738,868),(23,43,1009),(24,381,708),(21,254,75),(22,957,655),(23,681,289),(24,225,141),(21,214,890),(22,403,706),(23,586,1007),(24,917,385),(21,563,585),(22,113,732),(23,811,665),(24,959,185),(21,627,146),(22,481,984),(23,592,584),(24,382,513),(21,405,874),(22,862,697),(23,5,447),(24,1017,88),(21,834,569),(22,28,938),(23,37,668),(24,1011,272),(21,258,139),(22,294,460),(23,372,333),(24,1018,57),(21,430,995),(22,615,798),(23,414,343),(24,342,630),(21,115,172),(22,384,259),(23,932,71),(24,28,163),(21,777,469),(22,287,408),(23,891,17),(24,188,225),(21,1015,580),(22,811,300),(23,722,390),(24,941,166),(21,90,203),(22,694,861),(23,708,42),(24,464,618),(21,26,700),(22,474,219),(23,1023,512),(24,206,201),(21,92,957),(22,801,225),(23,174,674),(24,797,751),(21,64,595),(22,152,478),(23,840,131),(24,626,833),(21,399,448),(22,119,830),(23,214,396),(24,275,50),(21,289,800),(22,663,296),(23,619,571),(24,929,492),(21,929,439),(22,52,951),(23,721,893),(24,239,596),(21,959,699),(22,549,949),(23,165,153),(24,218,793),(21,799,893),(22,798,36),(23,119,319),(24,838,324),(21,73,684),(22,563,505),(23,630,637),(24,963,66),(21,32,864),(22,629,159),(23,834,308),(24,453,882),(21,222,946),(22,257,15),(23,649,760),(24,667,139),(21,219,928),(22,216,546),(23,191,364),(24,10,678),(21,240,364),(22,389,676),(23,940,189),(24,378,608),(21,112,388),(22,493,489),(23,638,742),(24,813,948),(21,881,392),(22,364,464),(23,232,1005),(24,666,442),(21,436,795),(22,32,342),(23,603,788),(24,425,674),(21,796,147),(22,318,893),(23,926,80),(24,855,419),(21,158,372),(22,812,661),(23,369,695),(24,164,93),(21,618,51),(22,864,247),(23,34,487),(24,585,467),(21,381,380),(22,937,175),(23,105,962),(24,874,618),(21,456,822),(22,307,650),(23,127,493),(24,908,914),(21,906,36),(22,55,775),(23,621,326),(24,965,101),(21,309,39),(22,422,927),(23,19,202),(24,715,490),(21,56,977),(22,376,909),(23,127,79),(24,781,572),(21,961,689),(22,255,257),(23,991,41),(24,104,9),(21,516,85),(22,212,853),(23,318,539),(24,825,120),(21,447,811),(22,269,992),(23,232,837),(24,1009,781),(21,358,561),(22,292,19),(23,715,348),(24,72,778),(21,697,1005),(22,552,1014),(23,899,844),(24,956,517),(21,244,205),(22,882,219),(23,625,998),(24,7,379),(21,541,261),(22,528,625),(23,533,358),(24,836,733),(21,333,274),(22,718,74),(23,647,29),(24,754,763),(21,127,478),(22,824,704),(23,791,270),(24,20,380),(21,934,902),(22,864,749),(23,784,845),(24,838,332),(21,95,839),(22,775,501),(23,406,336),(24,293,47),(21,559,769),(22,165,249),(23,909,753),(24,520,334),(21,722,827),(22,535,927),(23,407,270),(24,902,495),(21,513,365),(22,133,719),(23,321,449),(24,607,834),(21,175,313),(22,648,934),(23,856,386),(24,246,314),(21,718,108),(22,896,610),(23,583,470),(24,296,639),(21,911,704),(22,815,702),(23,611,966),(24,171,552),(21,122,653),(22,551,490),(23,777,506),(24,24,721),(21,197,544),(22,235,650),(23,63,561),(24,720,743),(21,868,986),(22,484,748),(23,330,343),(24,625,598),(21,978,728),(22,420,970),(23,955,879),(24,409,995),(21,839,823),(22,306,997),(23,932,273),(24,351,647),(21,433,683),(22,187,386),(23,508,400),(24,330,321),(21,122,393),(22,704,164),(23,358,893),(24,248,860),(21,818,594),(22,27,535),(23,971,735),(24,134,266),(21,582,744),(22,582,766),(23,946,255),(24,376,839),(21,482,987),(22,116,148),(23,790,729),(24,373,863),(21,17,488),(22,545,839),(23,819,25),(24,565,839),(21,135,655),(22,311,859),(23,544,497),(24,707,810),(21,285,958),(22,709,974),(23,864,559),(24,851,460),(21,309,59),(22,922,635),(23,772,757),(24,597,33),(21,43,100),(22,873,90),(23,705,718),(24,82,844),(21,109,832),(22,98,74),(23,4,390),(24,112,181),(21,173,156),(22,460,210),(23,886,176),(24,629,889),(21,393,538),(22,492,83),(23,181,735),(24,668,609),(21,498,887),(22,212,747),(23,60,936),(24,175,768),(21,48,926),(22,816,867),(23,704,263),(24,459,983),(21,384,866),(22,1021,895),(23,747,798),(24,104,387),(21,318,451),(22,872,366),(23,188,394),(24,396,256),(21,476,660),(22,767,413),(23,496,959),(24,533,365),(21,832,927),(22,462,478),(23,804,273),(24,280,929),(21,727,961),(22,993,48),(23,41,628),(24,62,376),(21,848,86),(22,589,196),(23,781,973),(24,52,271),(21,635,328),(22,813,161),(23,733,310),(24,140,933),(21,401,849),(22,481,35),(23,416,219),(24,175,1020),(21,455,862),(22,974,313),(23,803,437),(24,52,64),(21,9,666),(22,909,518),(23,132,76),(24,109,591),(21,259,1010),(22,208,529),(23,868,883),(24,893,453),(21,549,372),(22,288,243),(23,898,472),(24,114,1017),(21,238,535),(22,447,427),(23,318,329),(24,517,761),(21,690,921),(22,1019,959),(23,380,862),(24,343,170),(21,346,284),(22,519,992),(23,186,490),(24,317,747),(21,576,580),(22,580,329),(23,333,891),(24,743,401),(21,129,727),(22,747,986),(23,493,478),(24,728,1024),(21,327,520),(22,243,149),(23,394,243),(24,381,779),(21,812,538),(22,136,960),(23,998,39),(24,137,577),(21,173,461),(22,767,842),(23,658,927),(24,703,211),(21,970,841),(22,744,983),(23,460,764),(24,267,1004),(21,691,525),(22,1021,665),(23,530,731),(24,15,887),(21,582,1024),(22,637,340),(23,249,315),(24,113,106),(21,677,1021),(22,341,209),(23,743,716),(24,217,547),(21,469,333),(22,827,789),(23,462,843),(24,182,563),(21,119,550),(22,205,495),(23,77,976),(24,756,482),(21,708,224),(22,955,813),(23,237,671),(24,2,130),(21,74,918),(22,552,711),(23,912,929),(24,778,237),(21,457,974),(22,577,522),(23,354,841),(24,407,896),(21,548,972),(22,497,598),(23,820,681),(24,189,37),(21,466,750),(22,759,238),(23,307,1000),(24,553,892),(21,503,364),(22,742,439),(23,974,959),(24,813,207),(21,142,218),(22,578,811),(23,57,168),(24,188,252),(21,32,500),(22,313,460),(23,51,831);
/*!40000 ALTER TABLE `Biometrics` ENABLE KEYS */;
UNLOCK TABLES;

--
-- Table structure for table `Person`
--

DROP TABLE IF EXISTS `Person`;
/*!40101 SET @saved_cs_client     = @@character_set_client */;
/*!50503 SET character_set_client = utf8mb4 */;
CREATE TABLE `Person` (
  `ID_person` int NOT NULL AUTO_INCREMENT,
  `username` varchar(45) DEFAULT NULL,
  PRIMARY KEY (`ID_person`),
  UNIQUE KEY `ID_person_UNIQUE` (`ID_person`)
) ENGINE=InnoDB AUTO_INCREMENT=25 DEFAULT CHARSET=utf8mb4 COLLATE=utf8mb4_0900_ai_ci;
/*!40101 SET character_set_client = @saved_cs_client */;

--
-- Dumping data for table `Person`
--

LOCK TABLES `Person` WRITE;
/*!40000 ALTER TABLE `Person` DISABLE KEYS */;
INSERT INTO `Person` VALUES (21,'user-1'),(22,'user-2'),(23,'user-3'),(24,'user-0');
/*!40000 ALTER TABLE `Person` ENABLE KEYS */;
UNLOCK TABLES;

--
-- Table structure for table `State`
--

DROP TABLE IF EXISTS `State`;
/*!40101 SET @saved_cs_client     = @@character_set_client */;
/*!50503 SET character_set_client = utf8mb4 */;
CREATE TABLE `State` (
  `ID_person` int NOT NULL,
  `date` datetime DEFAULT NULL,
  `risk` tinyint DEFAULT NULL
) ENGINE=InnoDB DEFAULT CHARSET=utf8mb4 COLLATE=utf8mb4_0900_ai_ci;
/*!40101 SET character_set_client = @saved_cs_client */;

--
-- Dumping data for table `State`
--

LOCK TABLES `State` WRITE;
/*!40000 ALTER TABLE `State` DISABLE KEYS */;
INSERT INTO `State` VALUES (24,NULL,0),(24,NULL,0),(24,NULL,0),(24,NULL,0),(24,NULL,0),(24,NULL,0),(24,NULL,0),(24,NULL,0),(24,NULL,0),(24,NULL,0),(24,NULL,0),(24,NULL,0),(24,NULL,0),(24,NULL,0),(24,NULL,0),(24,NULL,0),(24,NULL,0),(24,NULL,0),(24,NULL,0),(24,NULL,0),(24,NULL,0),(24,NULL,0),(24,NULL,0),(24,NULL,0),(24,NULL,0),(24,NULL,0),(24,NULL,0),(24,NULL,0),(24,NULL,0),(24,NULL,0),(24,NULL,0),(24,NULL,0),(24,NULL,0),(24,NULL,0),(24,NULL,0),(24,NULL,0),(24,NULL,0),(24,NULL,0),(24,NULL,0),(24,NULL,0),(24,NULL,0),(24,NULL,0),(24,NULL,0),(24,NULL,0),(24,NULL,0),(24,NULL,0),(24,NULL,0),(24,NULL,0),(24,NULL,0),(24,NULL,0),(24,NULL,0),(24,NULL,0),(24,NULL,0),(24,NULL,0),(24,NULL,0),(24,NULL,0),(24,NULL,0),(24,NULL,0),(24,NULL,0),(24,NULL,0),(24,NULL,0),(24,NULL,0),(24,NULL,0),(24,NULL,0),(24,NULL,0),(24,NULL,0),(24,NULL,0),(24,NULL,0),(24,NULL,0),(24,NULL,0),(24,NULL,0),(24,NULL,0),(24,NULL,0),(24,NULL,0),(24,NULL,0),(24,NULL,0),(24,NULL,0),(24,NULL,0),(24,NULL,0),(24,NULL,0),(24,NULL,0),(24,NULL,0),(24,NULL,0),(24,NULL,0),(24,NULL,0),(24,NULL,0),(24,NULL,0),(24,NULL,0),(24,NULL,0),(24,NULL,0),(24,NULL,0),(24,NULL,0),(24,NULL,0),(24,NULL,0),(24,NULL,0),(24,NULL,0),(24,NULL,0),(24,NULL,0),(24,NULL,0),(24,NULL,0),(24,NULL,0),(24,NULL,0),(24,NULL,0),(24,NULL,0),(24,NULL,0),(24,NULL,0),(24,NULL,0),(24,NULL,0),(24,NULL,0),(24,NULL,0),(24,NULL,0),(24,NULL,0),(24,NULL,0),(24,NULL,0),(24,NULL,0),(24,NULL,0),(24,NULL,0),(24,NULL,0),(24,NULL,0),(24,NULL,0),(24,NULL,0),(24,NULL,0),(24,NULL,0),(24,NULL,0),(24,NULL,0),(24,NULL,0),(24,NULL,0),(24,NULL,0),(24,NULL,0),(24,NULL,0),(24,NULL,0),(24,NULL,0),(24,NULL,0),(24,NULL,0),(24,NULL,0),(24,NULL,0),(24,NULL,0),(24,NULL,0),(24,NULL,0),(24,NULL,0),(24,NULL,0),(24,NULL,0),(24,NULL,0),(24,NULL,0),(24,NULL,0),(24,NULL,0),(24,NULL,0),(24,NULL,0),(24,NULL,0),(24,NULL,0),(24,NULL,0),(24,NULL,0),(24,NULL,0),(24,NULL,0),(24,NULL,0),(24,NULL,0),(24,NULL,0),(24,NULL,0),(24,NULL,0),(24,NULL,0),(24,NULL,0),(24,NULL,0),(24,NULL,0),(24,NULL,0),(24,NULL,0),(24,NULL,0),(24,NULL,0),(24,NULL,0),(24,NULL,0),(24,NULL,0),(24,NULL,0),(24,NULL,0),(24,NULL,0),(24,NULL,0),(24,NULL,0),(24,NULL,0),(24,NULL,0),(24,NULL,0),(24,NULL,0),(24,NULL,0),(24,NULL,0),(24,NULL,0),(24,NULL,0),(24,NULL,0),(24,NULL,0),(24,NULL,0),(24,NULL,0),(24,NULL,0),(24,NULL,0),(24,NULL,0),(24,NULL,0),(24,NULL,0),(24,NULL,0),(24,NULL,0),(24,NULL,0),(24,NULL,0),(24,NULL,0),(24,NULL,0),(24,NULL,0),(24,NULL,0),(24,NULL,0),(24,NULL,0),(24,NULL,0),(24,NULL,0),(24,NULL,0),(24,NULL,0),(24,NULL,0),(24,NULL,0),(24,NULL,0),(24,NULL,0),(24,NULL,0),(24,NULL,0),(24,NULL,0),(24,NULL,0),(24,NULL,0),(24,NULL,0),(24,NULL,0),(24,NULL,0),(24,NULL,0),(24,NULL,0),(24,NULL,0),(24,NULL,0),(24,NULL,0),(24,NULL,0),(24,NULL,0),(24,NULL,0),(24,NULL,0),(24,NULL,0),(24,NULL,0),(24,NULL,0),(24,NULL,0),(24,NULL,0),(24,NULL,0),(24,NULL,0),(24,NULL,0),(24,NULL,0),(24,NULL,0),(24,NULL,0),(24,NULL,0),(24,NULL,0),(24,NULL,0),(24,NULL,0),(24,NULL,0),(24,NULL,0),(24,NULL,0),(24,NULL,0),(24,NULL,0),(24,NULL,0),(24,NULL,0),(24,NULL,0),(24,NULL,0),(24,NULL,0),(24,NULL,0),(24,NULL,0),(24,NULL,0),(24,NULL,0),(24,NULL,0),(24,NULL,0),(24,NULL,0),(24,NULL,0),(24,NULL,0),(24,NULL,0),(24,NULL,0),(24,NULL,0),(24,NULL,0),(24,NULL,0),(24,NULL,0),(24,NULL,0),(24,NULL,0),(24,NULL,0),(24,NULL,0),(24,NULL,0),(24,NULL,0),(24,NULL,0),(24,NULL,0),(24,NULL,0),(24,NULL,0),(24,NULL,0),(24,NULL,0),(24,NULL,0),(24,NULL,0),(24,NULL,0),(24,NULL,0),(24,NULL,0),(24,NULL,0),(24,NULL,0),(24,NULL,0),(24,NULL,0),(24,NULL,0),(24,NULL,0),(24,NULL,0),(24,NULL,0),(24,NULL,0),(24,NULL,0),(24,NULL,0),(24,NULL,0),(24,NULL,0),(24,NULL,0),(24,NULL,0),(24,NULL,0),(24,NULL,0),(24,NULL,0),(24,NULL,0),(24,NULL,0),(24,NULL,0),(24,NULL,0),(24,NULL,0),(24,NULL,0),(24,NULL,0),(24,NULL,0),(24,NULL,0),(24,NULL,0),(24,NULL,0),(24,NULL,0),(24,NULL,0),(24,NULL,0),(24,NULL,0),(24,NULL,0),(24,NULL,0),(24,NULL,0),(24,NULL,0),(24,NULL,0),(24,NULL,0),(24,NULL,0),(24,NULL,0),(24,NULL,0),(24,NULL,0),(24,NULL,0),(24,NULL,0),(24,NULL,0),(24,NULL,0),(24,NULL,0),(24,NULL,0),(24,NULL,0),(24,NULL,0),(24,NULL,0),(24,NULL,0),(24,NULL,0),(24,NULL,0),(24,NULL,0),(24,NULL,0),(24,NULL,0),(24,NULL,0),(24,NULL,0),(24,NULL,0),(24,NULL,0),(24,NULL,0),(24,NULL,0),(24,NULL,0),(24,NULL,0),(24,NULL,0),(24,NULL,0),(24,NULL,0),(24,NULL,0),(24,NULL,0),(24,NULL,0),(24,NULL,0),(24,NULL,0),(24,NULL,0),(24,NULL,0),(24,NULL,0),(24,NULL,0),(24,NULL,0),(24,NULL,0),(24,NULL,0),(24,NULL,0),(24,NULL,0),(24,NULL,0),(24,NULL,0),(24,NULL,0),(24,NULL,0),(24,NULL,0),(24,NULL,0),(24,NULL,0),(24,NULL,0),(24,NULL,0),(24,NULL,0),(24,NULL,0),(24,NULL,0),(24,NULL,0),(24,NULL,0),(24,NULL,0),(24,NULL,0),(24,NULL,0),(24,NULL,0),(24,NULL,0),(24,NULL,0),(24,NULL,0),(24,NULL,0),(24,NULL,0),(24,NULL,0),(24,NULL,0),(24,NULL,0),(24,NULL,0),(24,NULL,0),(24,NULL,0),(24,NULL,0),(24,NULL,0),(24,NULL,0),(24,NULL,0),(24,NULL,0),(24,NULL,0),(24,NULL,0),(24,NULL,0),(24,NULL,0),(24,NULL,0),(24,NULL,0),(24,NULL,0),(24,NULL,0),(24,NULL,0),(24,NULL,0),(24,NULL,0),(24,NULL,0),(24,NULL,0),(24,NULL,0),(24,NULL,0),(24,NULL,0),(24,NULL,0),(24,NULL,0),(24,NULL,0),(24,NULL,0),(24,NULL,0),(24,NULL,0),(24,NULL,0),(24,NULL,0),(24,NULL,0),(24,NULL,0),(24,NULL,0),(24,NULL,0),(24,NULL,0),(24,NULL,0),(24,NULL,0),(24,NULL,0),(24,NULL,0),(24,NULL,0),(24,NULL,0),(24,NULL,0),(24,NULL,0),(24,NULL,0),(24,NULL,0),(24,NULL,0),(24,NULL,0),(24,NULL,0),(24,NULL,0),(24,NULL,0),(24,NULL,0),(24,NULL,0),(24,NULL,0),(24,NULL,0),(24,NULL,0),(24,NULL,0),(24,NULL,0),(24,NULL,0),(24,NULL,0),(24,NULL,0),(24,NULL,0),(24,NULL,0),(24,NULL,0),(24,NULL,0),(24,NULL,0),(24,NULL,0),(24,NULL,0),(24,NULL,0),(24,NULL,0),(24,NULL,0),(24,NULL,0),(24,NULL,0),(24,NULL,0),(24,NULL,0),(24,NULL,0),(24,NULL,0),(24,NULL,0),(24,NULL,0),(24,NULL,0),(24,NULL,0),(24,NULL,0),(24,NULL,0),(24,NULL,0),(24,NULL,0),(24,NULL,0),(24,NULL,0),(24,NULL,0),(24,NULL,0),(24,NULL,0),(24,NULL,0),(24,NULL,0),(24,NULL,0),(24,NULL,0),(24,NULL,0),(24,NULL,0),(24,NULL,0),(24,NULL,0),(24,NULL,0),(24,NULL,0),(24,NULL,0),(24,NULL,0),(24,NULL,0),(24,NULL,0),(24,NULL,0),(24,NULL,0),(24,NULL,0),(24,NULL,0),(24,NULL,0),(24,NULL,0),(24,NULL,0),(24,NULL,0),(24,NULL,0),(24,NULL,0),(24,NULL,0),(24,NULL,0),(24,NULL,0),(24,NULL,0),(24,NULL,0),(24,NULL,0),(24,NULL,0),(24,NULL,0),(24,NULL,0),(24,NULL,0),(24,NULL,0),(24,NULL,0),(24,NULL,0),(24,NULL,0),(24,NULL,0),(24,NULL,0),(24,NULL,0),(24,NULL,0),(24,NULL,0),(24,NULL,0),(24,NULL,0),(24,NULL,0),(24,NULL,0),(24,NULL,0),(24,NULL,0),(24,NULL,0),(24,NULL,0),(24,NULL,0),(24,NULL,0),(24,NULL,0),(24,NULL,0),(24,NULL,0),(24,NULL,0),(24,NULL,0),(24,NULL,0),(24,NULL,0),(24,NULL,0),(24,NULL,0),(24,NULL,0),(24,NULL,0),(24,NULL,0),(24,NULL,0),(24,NULL,0),(24,NULL,0),(24,NULL,0),(24,NULL,0),(24,NULL,0),(24,NULL,0),(24,NULL,0),(24,NULL,0),(24,NULL,0),(24,NULL,0),(24,NULL,0),(24,NULL,0),(24,NULL,0),(24,NULL,0),(24,NULL,0),(24,NULL,0),(24,NULL,0),(24,NULL,0),(24,NULL,0),(24,NULL,0),(24,NULL,0),(24,NULL,0),(24,NULL,0),(24,NULL,0),(24,NULL,0),(24,NULL,0),(24,NULL,0),(24,NULL,0),(24,NULL,0),(24,NULL,0),(24,NULL,0),(24,NULL,0),(24,NULL,0),(24,NULL,0),(24,NULL,0),(24,NULL,0),(24,NULL,0),(24,NULL,0),(24,NULL,0),(24,NULL,0),(24,NULL,0),(24,NULL,0),(24,NULL,0),(24,NULL,0),(24,NULL,0),(24,NULL,0),(24,NULL,0),(24,NULL,0),(24,NULL,0),(24,NULL,0),(24,NULL,0),(24,NULL,0),(24,NULL,0),(24,NULL,0),(24,NULL,0),(24,NULL,0),(24,NULL,0),(24,NULL,0),(24,NULL,0),(24,NULL,0),(24,NULL,0),(24,NULL,0),(24,NULL,0),(24,NULL,0),(24,NULL,0),(24,NULL,0),(24,NULL,0),(24,NULL,0),(24,NULL,0),(24,NULL,0),(24,NULL,0),(24,NULL,0),(24,NULL,0),(24,NULL,0),(24,NULL,0),(24,NULL,0),(24,NULL,0),(24,NULL,0),(24,NULL,0),(24,NULL,0),(24,NULL,0),(24,NULL,0),(24,NULL,0),(24,NULL,0),(24,NULL,0),(24,NULL,0),(24,NULL,0),(24,NULL,0),(24,NULL,0),(24,NULL,0),(24,NULL,0),(24,NULL,0),(24,NULL,0),(24,NULL,0),(24,NULL,0),(24,NULL,0),(24,NULL,0),(24,NULL,0),(24,NULL,0),(24,NULL,0),(24,NULL,0),(24,NULL,0),(24,NULL,0),(24,NULL,0),(24,NULL,0),(24,NULL,0),(24,NULL,0),(24,NULL,0),(24,NULL,0),(24,NULL,0),(24,NULL,0),(24,NULL,0),(24,NULL,0),(24,NULL,0),(24,NULL,0),(24,NULL,0),(24,NULL,0),(24,NULL,0),(24,NULL,0),(24,NULL,0),(24,NULL,0),(24,NULL,0),(24,NULL,0),(24,NULL,0),(24,NULL,0),(24,NULL,0),(24,NULL,0),(24,NULL,0),(24,NULL,0),(24,NULL,0),(24,NULL,0),(24,NULL,0),(24,NULL,0),(24,NULL,0),(24,NULL,0),(24,NULL,0),(24,NULL,0),(24,NULL,0),(24,NULL,0),(24,NULL,0),(24,NULL,0),(24,NULL,0),(24,NULL,0),(24,NULL,0),(24,NULL,0),(24,NULL,0),(24,NULL,0),(24,NULL,0),(24,NULL,0),(24,NULL,0),(24,NULL,0),(24,NULL,0),(24,NULL,0),(24,NULL,0),(24,NULL,0),(24,NULL,0),(24,NULL,0),(24,NULL,0),(24,NULL,0),(24,NULL,0),(24,NULL,0),(24,NULL,0),(24,NULL,0),(24,NULL,0),(24,NULL,0),(24,NULL,0),(24,NULL,0),(24,NULL,0),(24,NULL,0),(24,NULL,0),(24,NULL,0),(24,NULL,0),(24,NULL,0),(24,NULL,0),(24,NULL,0),(24,NULL,0),(24,NULL,0),(24,NULL,0),(24,NULL,0),(24,NULL,0),(24,NULL,0),(24,NULL,0),(24,NULL,0),(24,NULL,0),(24,NULL,0),(24,NULL,0),(24,NULL,0),(24,NULL,0),(24,NULL,0),(24,NULL,0),(24,NULL,0),(24,NULL,0),(24,NULL,0),(24,NULL,0),(24,NULL,0),(24,NULL,0),(24,NULL,0),(24,NULL,0),(24,NULL,0),(24,NULL,0),(24,NULL,0),(24,NULL,0),(24,NULL,0),(24,NULL,0),(24,NULL,0),(24,NULL,0),(24,NULL,0),(24,NULL,0),(24,NULL,0),(24,NULL,0),(24,NULL,0),(24,NULL,0),(24,NULL,0),(24,NULL,0),(24,NULL,0),(24,NULL,0),(24,NULL,0),(24,NULL,0),(24,NULL,0),(24,NULL,0),(24,NULL,0),(24,NULL,0),(24,NULL,0),(24,NULL,0),(24,NULL,0),(24,NULL,0),(24,NULL,0),(24,NULL,0),(24,NULL,0),(24,NULL,0),(24,NULL,0),(24,NULL,0),(24,NULL,0),(24,NULL,0),(24,NULL,0),(24,NULL,0),(24,NULL,0),(24,NULL,0),(24,NULL,0),(24,NULL,0),(24,NULL,0),(24,NULL,0),(24,NULL,0),(24,NULL,0),(24,NULL,0),(24,NULL,0),(24,NULL,0),(24,NULL,0),(24,NULL,0),(24,NULL,0),(24,NULL,0),(24,NULL,0),(24,NULL,0),(24,NULL,0),(24,NULL,0),(24,NULL,0),(24,NULL,0),(24,NULL,0),(24,NULL,0),(24,NULL,0),(24,NULL,0),(24,NULL,0),(24,NULL,0),(24,NULL,0),(24,NULL,0),(24,NULL,0),(24,NULL,0),(24,NULL,0),(24,NULL,0),(24,NULL,0),(24,NULL,0),(24,NULL,0),(24,NULL,0),(24,NULL,0),(24,NULL,0),(24,NULL,0),(24,NULL,0),(24,NULL,0),(24,NULL,0),(24,NULL,0),(24,NULL,0),(24,NULL,0),(24,NULL,0),(24,NULL,0),(24,NULL,0),(24,NULL,0),(24,NULL,0),(24,NULL,0),(24,NULL,0),(24,NULL,0),(24,NULL,0),(24,NULL,0),(24,NULL,0),(24,NULL,0),(24,NULL,0),(24,NULL,0),(24,NULL,0),(24,NULL,0),(24,NULL,0),(24,NULL,0),(24,NULL,0),(24,NULL,0),(24,NULL,0),(24,NULL,0),(24,NULL,0),(24,NULL,0),(24,NULL,0),(24,NULL,0),(24,NULL,0),(24,NULL,0),(24,NULL,0),(24,NULL,0),(24,NULL,0),(24,NULL,0),(24,NULL,0),(24,NULL,0),(24,NULL,0),(24,NULL,0),(24,NULL,0),(24,NULL,0),(24,NULL,0),(24,NULL,0),(24,NULL,0),(24,NULL,0),(24,NULL,0),(24,NULL,0),(24,NULL,0),(24,NULL,0),(24,NULL,0),(24,NULL,0),(24,NULL,0),(24,NULL,0),(24,NULL,0),(24,NULL,0),(24,NULL,0),(24,NULL,0),(24,NULL,0),(24,NULL,0),(24,NULL,0),(24,NULL,0),(24,NULL,0),(24,NULL,0),(24,NULL,0),(24,NULL,0),(24,NULL,0),(24,NULL,0),(24,NULL,0),(24,NULL,0),(24,NULL,0),(24,NULL,0),(24,NULL,0),(24,NULL,0),(24,NULL,0),(24,NULL,0),(24,NULL,0),(24,NULL,0),(24,NULL,0),(24,NULL,0),(24,NULL,0),(24,NULL,0),(24,NULL,0),(24,NULL,0),(24,NULL,0),(24,NULL,0),(24,NULL,0),(24,NULL,0),(24,NULL,0),(24,NULL,0),(24,NULL,0),(24,NULL,0),(24,NULL,0),(24,NULL,0),(24,NULL,0),(24,NULL,0),(24,NULL,0),(24,NULL,0),(24,NULL,0),(24,NULL,0),(24,NULL,0),(24,NULL,0),(24,NULL,0),(24,NULL,0),(24,NULL,0),(24,NULL,0),(24,NULL,0),(24,NULL,0),(24,NULL,0),(24,NULL,0),(24,NULL,0),(24,NULL,0),(24,NULL,0),(24,NULL,0),(24,NULL,0),(24,NULL,0),(24,NULL,0),(24,NULL,0),(24,NULL,0),(24,NULL,0),(24,NULL,0),(24,NULL,0),(24,NULL,0),(24,NULL,0),(24,NULL,0),(24,NULL,0),(24,NULL,0),(24,NULL,0),(24,NULL,0),(24,NULL,0),(24,NULL,0),(24,NULL,0),(24,NULL,0),(24,NULL,0),(24,NULL,0),(24,NULL,0),(24,NULL,0),(24,NULL,0),(24,NULL,0),(24,NULL,0),(24,NULL,0),(24,NULL,0),(24,NULL,0),(24,NULL,0),(24,NULL,0),(24,NULL,0),(24,NULL,0),(24,NULL,0),(24,NULL,0),(24,NULL,0),(24,NULL,0),(24,NULL,0),(24,NULL,0),(24,NULL,0),(24,NULL,0),(24,NULL,0),(24,NULL,0),(24,NULL,0),(24,NULL,0),(24,NULL,0),(24,NULL,0),(24,NULL,0),(24,NULL,0),(24,NULL,0),(24,NULL,0),(24,NULL,0),(24,NULL,0),(24,NULL,0),(24,NULL,0),(24,NULL,0),(24,NULL,0),(24,NULL,0),(24,NULL,0),(24,NULL,0),(24,NULL,0),(24,NULL,0),(24,NULL,0),(24,NULL,0),(24,NULL,0),(24,NULL,0),(24,NULL,0),(24,NULL,0),(24,NULL,0),(24,NULL,0),(24,NULL,0),(24,NULL,0),(24,NULL,0),(24,NULL,0),(24,NULL,0),(24,NULL,0),(24,NULL,0),(24,NULL,0),(24,NULL,0),(24,NULL,0),(24,NULL,0),(24,NULL,0),(24,NULL,0),(24,NULL,0),(24,NULL,0),(24,NULL,0),(24,NULL,0),(24,NULL,0),(24,NULL,0),(24,NULL,0),(24,NULL,0),(24,NULL,0),(24,NULL,0),(24,NULL,0),(24,NULL,0),(24,NULL,0),(24,NULL,0),(24,NULL,0),(24,NULL,0),(24,NULL,0),(24,NULL,0),(24,NULL,0),(24,NULL,0),(24,NULL,0),(24,NULL,0),(24,NULL,0),(24,NULL,0),(24,NULL,0),(24,NULL,0),(24,NULL,0),(24,NULL,0),(24,NULL,0),(24,NULL,0),(24,NULL,0),(24,NULL,0),(24,NULL,0),(24,NULL,0),(24,NULL,0),(24,NULL,0),(24,NULL,0),(24,NULL,0),(24,NULL,0),(24,NULL,0),(24,NULL,0),(24,NULL,0),(24,NULL,0),(24,NULL,0),(24,NULL,0),(24,NULL,0),(24,NULL,0),(24,NULL,0),(24,NULL,0),(24,NULL,0),(24,NULL,0),(24,NULL,0),(24,NULL,0),(24,NULL,0),(24,NULL,0),(24,NULL,0),(24,NULL,0),(24,NULL,0),(24,NULL,0),(24,NULL,0),(24,NULL,0),(24,NULL,0),(24,NULL,0),(24,NULL,0),(24,NULL,0),(24,NULL,0),(24,NULL,0),(24,NULL,0),(24,NULL,0),(24,NULL,0),(24,NULL,0),(24,NULL,0),(24,NULL,0),(24,NULL,0),(24,NULL,0),(24,NULL,0),(24,NULL,0),(24,NULL,0),(24,NULL,0),(24,NULL,0),(24,NULL,0),(24,NULL,0),(24,NULL,0),(24,NULL,0),(24,NULL,0),(24,NULL,0),(24,NULL,0),(24,NULL,0),(24,NULL,0),(24,NULL,0),(24,NULL,0),(24,NULL,0),(24,NULL,0),(24,NULL,0),(24,NULL,0),(24,NULL,0),(24,NULL,0),(24,NULL,0),(24,NULL,0),(24,NULL,0),(24,NULL,0),(24,NULL,0),(24,NULL,0),(24,NULL,0),(24,NULL,0),(24,NULL,0),(24,NULL,0),(24,NULL,0),(24,NULL,0),(24,NULL,0),(24,NULL,0),(24,NULL,0),(24,NULL,0),(24,NULL,0),(24,NULL,0),(24,NULL,0),(24,NULL,0),(24,NULL,0),(24,NULL,0),(24,NULL,0),(24,NULL,0),(24,NULL,0),(24,NULL,0),(24,NULL,0),(24,NULL,0),(24,NULL,0),(24,NULL,0),(24,NULL,0),(24,NULL,0),(24,NULL,0),(24,NULL,0),(24,NULL,0),(24,NULL,0),(24,NULL,0),(24,NULL,0),(24,NULL,0),(24,NULL,0),(24,NULL,0),(24,NULL,0),(24,NULL,0),(24,NULL,0),(24,NULL,0),(24,NULL,0),(24,NULL,0),(24,NULL,0),(24,NULL,0),(24,NULL,0),(24,NULL,0),(24,NULL,0),(24,NULL,0),(24,NULL,0),(24,NULL,0),(24,NULL,0),(24,NULL,0),(24,NULL,0),(24,NULL,0),(24,NULL,0),(24,NULL,0),(24,NULL,0),(24,NULL,0),(24,NULL,0),(24,NULL,0),(24,NULL,0),(24,NULL,0),(24,NULL,0),(24,NULL,0),(24,NULL,0),(24,NULL,0),(24,NULL,0),(24,NULL,0),(24,NULL,0),(24,NULL,0),(24,NULL,0),(24,NULL,0),(24,NULL,0),(24,NULL,0),(24,NULL,0),(24,NULL,0),(24,NULL,0),(24,NULL,0),(24,NULL,0),(24,NULL,0),(24,NULL,0),(24,NULL,0),(24,NULL,0),(24,NULL,0),(24,NULL,0),(24,NULL,0),(24,NULL,0),(24,NULL,0),(24,NULL,0),(24,NULL,0),(24,NULL,0),(24,NULL,0),(24,NULL,0),(24,NULL,0),(24,NULL,0),(24,NULL,0),(24,NULL,0),(24,NULL,0),(24,NULL,0),(24,NULL,0),(24,NULL,0),(24,NULL,0),(24,NULL,0),(24,NULL,0),(24,NULL,0),(24,NULL,0),(24,NULL,0),(24,NULL,0),(24,NULL,0),(24,NULL,0),(24,NULL,0),(24,NULL,0),(24,NULL,0),(24,NULL,0),(24,NULL,0),(24,NULL,0),(24,NULL,0),(24,NULL,0),(24,NULL,0),(24,NULL,0),(24,NULL,0),(24,NULL,0),(24,NULL,0),(24,NULL,0),(24,NULL,0),(24,NULL,0),(24,NULL,0),(24,NULL,0),(24,NULL,0),(24,NULL,0),(24,NULL,0),(24,NULL,0),(24,NULL,0),(24,NULL,0),(24,NULL,0),(24,NULL,0),(24,NULL,0),(24,NULL,0),(24,NULL,0),(24,NULL,0),(24,NULL,0),(24,NULL,0),(24,NULL,0),(24,NULL,0),(24,NULL,0),(24,NULL,0),(24,NULL,0),(24,NULL,0),(24,NULL,0),(24,NULL,0),(24,NULL,0),(24,NULL,0),(24,NULL,0),(24,NULL,0),(24,NULL,0),(24,NULL,0),(24,NULL,0),(24,NULL,0),(24,NULL,0),(24,NULL,0),(24,NULL,0),(24,NULL,0),(24,NULL,0),(24,NULL,0),(24,NULL,0),(24,NULL,0),(24,NULL,0),(24,NULL,0),(24,NULL,0),(24,NULL,0),(24,NULL,0),(24,NULL,0),(24,NULL,0),(24,NULL,0),(24,NULL,0),(24,NULL,0),(24,NULL,0),(24,NULL,0),(24,NULL,0),(24,NULL,0),(24,NULL,0),(24,NULL,0),(24,NULL,0),(24,NULL,0),(24,NULL,0),(24,NULL,0),(24,NULL,0),(24,NULL,0),(24,NULL,0),(24,NULL,0),(24,NULL,0),(24,NULL,0),(24,NULL,0),(24,NULL,0),(24,NULL,0),(24,NULL,0),(24,NULL,0),(24,NULL,0),(24,NULL,0),(24,NULL,0),(24,NULL,0),(24,NULL,0),(24,NULL,0),(24,NULL,0),(24,NULL,0),(24,NULL,0),(24,NULL,0),(24,NULL,0),(24,NULL,0),(24,NULL,0),(24,NULL,0),(24,NULL,0),(24,NULL,0),(24,NULL,0),(24,NULL,0),(24,NULL,0),(24,NULL,0),(24,NULL,0),(24,NULL,0),(24,NULL,0),(24,NULL,0),(24,NULL,0),(24,NULL,0),(24,NULL,0),(24,NULL,0),(24,NULL,0),(24,NULL,0),(24,NULL,0),(24,NULL,0),(24,NULL,0),(24,NULL,0),(24,NULL,0),(24,NULL,0),(24,NULL,0),(24,NULL,0),(24,NULL,0),(24,NULL,0),(24,NULL,0),(24,NULL,0),(24,NULL,0),(24,NULL,0),(24,NULL,0),(24,NULL,0),(24,NULL,0),(24,NULL,0),(24,NULL,0),(24,NULL,0),(24,NULL,0),(24,NULL,0),(24,NULL,0),(24,NULL,0),(24,NULL,0),(24,NULL,0),(24,NULL,0),(24,NULL,0),(24,NULL,0),(24,NULL,0),(24,NULL,0),(24,NULL,0),(24,NULL,0),(24,NULL,0),(24,NULL,0),(24,NULL,0),(24,NULL,0),(24,NULL,0),(24,NULL,0),(24,NULL,0),(24,NULL,0),(24,NULL,0),(24,NULL,0),(24,NULL,0),(24,NULL,0),(24,NULL,0),(24,NULL,0),(24,NULL,0),(24,NULL,0),(24,NULL,0),(24,NULL,0),(24,NULL,0),(24,NULL,0),(24,NULL,0),(24,NULL,0),(24,NULL,0),(24,NULL,0),(24,NULL,0),(24,NULL,0),(24,NULL,0),(24,NULL,0),(24,NULL,0),(24,NULL,0),(24,NULL,0),(24,NULL,0),(24,NULL,0),(24,NULL,0),(24,NULL,0),(24,NULL,0),(24,NULL,0),(24,NULL,0),(24,NULL,0),(24,NULL,0),(24,NULL,0),(24,NULL,0),(24,NULL,0),(24,NULL,0),(24,NULL,0),(24,NULL,0),(24,NULL,0),(24,NULL,0),(24,NULL,0),(24,NULL,0),(24,NULL,0),(24,NULL,0),(24,NULL,0),(24,NULL,0),(24,NULL,0),(24,NULL,0),(24,NULL,0),(24,NULL,0),(24,NULL,0),(24,NULL,0),(24,NULL,0),(24,NULL,0),(24,NULL,0),(24,NULL,0),(24,NULL,0),(24,NULL,0),(24,NULL,0),(24,NULL,0),(24,NULL,0),(24,NULL,0),(24,NULL,0),(24,NULL,0),(24,NULL,0),(24,NULL,0),(24,NULL,0),(24,NULL,0),(24,NULL,0),(24,NULL,0),(24,NULL,0),(24,NULL,0),(24,NULL,0),(24,NULL,0),(24,NULL,0),(24,NULL,0),(24,NULL,0),(24,NULL,0),(24,NULL,0),(24,NULL,0),(24,NULL,0),(24,NULL,0),(24,NULL,0),(24,NULL,0),(24,NULL,0),(24,NULL,0),(24,NULL,0),(24,NULL,0),(24,NULL,0),(24,NULL,0),(24,NULL,0),(24,NULL,0),(24,NULL,0),(24,NULL,0),(24,NULL,0),(24,NULL,0),(24,NULL,0),(24,NULL,0),(24,NULL,0),(24,NULL,0),(24,NULL,0),(24,NULL,0),(24,NULL,0),(24,NULL,0),(24,NULL,0),(24,NULL,0),(24,NULL,0),(24,NULL,0),(24,NULL,0),(24,NULL,0),(24,NULL,0),(24,NULL,0),(24,NULL,0),(24,NULL,0),(24,NULL,0),(24,NULL,0),(24,NULL,0),(24,NULL,0),(24,NULL,0),(24,NULL,0),(24,NULL,0),(24,NULL,0),(24,NULL,0),(24,NULL,0),(24,NULL,0),(24,NULL,0),(24,NULL,0),(24,NULL,0),(24,NULL,0),(24,NULL,0),(24,NULL,0),(24,NULL,0),(24,NULL,0),(24,NULL,0),(24,NULL,0),(24,NULL,0),(24,NULL,0),(24,NULL,0),(24,NULL,0),(24,NULL,0),(24,NULL,0),(24,NULL,0),(24,NULL,0),(24,NULL,0),(24,NULL,0),(24,NULL,0),(24,NULL,0),(24,NULL,0),(24,NULL,0),(24,NULL,0),(24,NULL,0),(24,NULL,0),(24,NULL,0),(24,NULL,0),(24,NULL,0),(24,NULL,0),(24,NULL,0),(24,NULL,0),(24,NULL,0),(24,NULL,0),(24,NULL,0),(24,NULL,0),(24,NULL,0),(24,NULL,0),(24,NULL,0),(24,NULL,0),(24,NULL,0),(24,NULL,0),(24,NULL,0),(24,NULL,0),(24,NULL,0),(24,NULL,0),(24,NULL,0),(24,NULL,0),(24,NULL,0),(24,NULL,0),(24,NULL,0),(24,NULL,0),(24,NULL,0),(24,NULL,0),(24,NULL,0),(24,NULL,0),(24,NULL,0),(24,NULL,0),(24,NULL,0),(24,NULL,0),(24,NULL,0),(24,NULL,0),(24,NULL,0),(24,NULL,0),(24,NULL,0),(24,NULL,0),(24,NULL,0),(24,NULL,0),(24,NULL,0),(24,NULL,0),(24,NULL,0),(24,NULL,0),(24,NULL,0),(24,NULL,0),(24,NULL,0),(24,NULL,0),(24,NULL,0),(24,NULL,0),(24,NULL,0),(24,NULL,0),(24,NULL,0),(24,NULL,0),(24,NULL,0),(24,NULL,0),(24,NULL,0),(24,NULL,0),(24,NULL,0),(24,NULL,0),(24,NULL,0),(24,NULL,0),(24,NULL,0),(24,NULL,0),(24,NULL,0),(24,NULL,0),(24,NULL,0),(24,NULL,0),(24,NULL,0),(24,NULL,0),(24,NULL,0),(24,NULL,0),(24,NULL,0),(24,NULL,0),(24,NULL,0),(24,NULL,0),(24,NULL,0),(24,NULL,0),(24,NULL,0),(24,NULL,0),(24,NULL,0),(24,NULL,0),(24,NULL,0),(24,NULL,0),(24,NULL,0),(24,NULL,0),(24,NULL,0),(24,NULL,0),(24,NULL,0),(24,NULL,0),(24,NULL,0),(24,NULL,0),(24,NULL,0),(24,NULL,0),(24,NULL,0),(24,NULL,0),(24,NULL,0),(24,NULL,0),(24,NULL,0),(24,NULL,0),(24,NULL,0),(24,NULL,0),(24,NULL,0),(24,NULL,0),(24,NULL,0),(24,NULL,0),(24,NULL,0),(24,NULL,0),(24,NULL,0),(24,NULL,0),(24,NULL,0),(24,NULL,0),(24,NULL,0),(24,NULL,0),(24,NULL,0),(24,NULL,0),(24,NULL,0),(24,NULL,0),(24,NULL,0),(24,NULL,0),(24,NULL,0),(24,NULL,0),(24,NULL,0),(24,NULL,0),(24,NULL,0),(24,NULL,0),(24,NULL,0),(24,NULL,0),(24,NULL,0),(24,NULL,0),(24,NULL,0),(24,NULL,0),(24,NULL,0),(24,NULL,0),(24,NULL,0),(24,NULL,0),(24,NULL,0),(24,NULL,0),(24,NULL,0),(24,NULL,0),(24,NULL,0),(24,NULL,0),(24,NULL,0),(24,NULL,0),(24,NULL,0),(24,NULL,0),(24,NULL,0),(24,NULL,0),(24,NULL,0),(24,NULL,0),(24,NULL,0),(24,NULL,0),(24,NULL,0),(24,NULL,0),(24,NULL,0),(24,NULL,0),(24,NULL,0),(24,NULL,0),(24,NULL,0),(24,NULL,0),(24,NULL,0),(24,NULL,0),(24,NULL,0),(24,NULL,0),(24,NULL,0),(24,NULL,0),(24,NULL,0),(24,NULL,0),(24,NULL,0),(24,NULL,0),(24,NULL,0),(24,NULL,0),(24,NULL,0),(24,NULL,0),(24,NULL,0),(24,NULL,0),(24,NULL,0),(24,NULL,0),(24,NULL,0),(24,NULL,0),(24,NULL,0),(24,NULL,0),(24,NULL,0),(24,NULL,0),(24,NULL,0),(24,NULL,0),(24,NULL,0),(24,NULL,0),(24,NULL,0),(24,NULL,0),(24,NULL,0),(24,NULL,0),(24,NULL,0),(24,NULL,0),(24,NULL,0),(24,NULL,0),(24,NULL,0),(24,NULL,0),(24,NULL,0),(24,NULL,0),(24,NULL,0),(24,NULL,0),(24,NULL,0),(24,NULL,0),(24,NULL,0),(24,NULL,0),(24,NULL,0),(24,NULL,0),(24,NULL,0),(24,NULL,0),(24,NULL,0),(24,NULL,0),(24,NULL,0),(24,NULL,0),(24,NULL,0),(24,NULL,0),(24,NULL,0),(24,NULL,0),(24,NULL,0),(24,NULL,0),(24,NULL,0),(24,NULL,0),(24,NULL,0),(24,NULL,0),(24,NULL,0),(24,NULL,0),(24,NULL,0),(24,NULL,0),(24,NULL,0),(24,NULL,0),(24,NULL,0),(24,NULL,0),(24,NULL,0),(24,NULL,0),(24,NULL,0),(24,NULL,0),(24,NULL,0),(24,NULL,0),(24,NULL,0),(24,NULL,0),(24,NULL,0),(24,NULL,0),(24,NULL,0),(24,NULL,0),(24,NULL,0),(24,NULL,0),(24,NULL,0),(24,NULL,0),(24,NULL,0),(24,NULL,0),(24,NULL,0),(24,NULL,0),(24,NULL,0),(24,NULL,0),(24,NULL,0),(24,NULL,0),(24,NULL,0),(24,NULL,0),(24,NULL,0),(24,NULL,0),(24,NULL,0),(24,NULL,0),(24,NULL,0),(24,NULL,0),(24,NULL,0),(24,NULL,0),(24,NULL,0),(24,NULL,0),(24,NULL,0),(24,NULL,0),(24,NULL,0),(24,NULL,0),(24,NULL,0),(24,NULL,0),(24,NULL,0),(24,NULL,0),(24,NULL,0),(24,NULL,0),(24,NULL,0),(24,NULL,0),(24,NULL,0),(24,NULL,0),(24,NULL,0),(24,NULL,0),(24,NULL,0),(24,NULL,0),(24,NULL,0),(24,NULL,0),(24,NULL,0),(24,NULL,0),(24,NULL,0),(24,NULL,0),(24,NULL,0),(24,NULL,0),(24,NULL,0),(24,NULL,0),(24,NULL,0),(24,NULL,0),(24,NULL,0),(24,NULL,0),(24,NULL,0),(24,NULL,0),(24,NULL,0),(24,NULL,0),(24,NULL,0),(24,NULL,0),(24,NULL,0),(24,NULL,0),(24,NULL,0),(24,NULL,0),(24,NULL,0),(24,NULL,0),(24,NULL,0),(24,NULL,0),(24,NULL,0),(24,NULL,0),(24,NULL,0),(24,NULL,0),(24,NULL,0),(24,NULL,0),(24,NULL,0),(24,NULL,0),(24,NULL,0),(24,NULL,0),(24,NULL,0),(24,NULL,0),(24,NULL,0),(24,NULL,0),(24,NULL,0),(24,NULL,0),(24,NULL,0),(24,NULL,0),(24,NULL,0),(24,NULL,0),(24,NULL,0),(24,NULL,0),(24,NULL,0),(24,NULL,0),(24,NULL,0),(24,NULL,0),(24,NULL,0),(24,NULL,0),(24,NULL,0),(24,NULL,0),(24,NULL,0),(24,NULL,0),(24,NULL,0),(24,NULL,0),(24,NULL,0),(24,NULL,0),(24,NULL,0),(24,NULL,0),(24,NULL,0),(24,NULL,0),(24,NULL,0),(24,NULL,0),(24,NULL,0),(24,NULL,0),(24,NULL,0),(24,NULL,0),(24,NULL,0),(24,NULL,0),(24,NULL,0),(24,NULL,0),(24,NULL,0),(24,NULL,0),(24,NULL,0),(24,NULL,0),(24,NULL,0),(24,NULL,0),(24,NULL,0),(24,NULL,0),(24,NULL,0),(24,NULL,0),(24,NULL,0),(24,NULL,0),(24,NULL,0),(24,NULL,0),(24,NULL,0),(24,NULL,0),(24,NULL,0),(24,NULL,0),(24,NULL,0),(24,NULL,0),(24,NULL,0),(24,NULL,0),(24,NULL,0),(24,NULL,0),(24,NULL,0),(24,NULL,0),(24,NULL,0),(24,NULL,0),(24,NULL,0),(24,NULL,0),(24,NULL,0),(24,NULL,0),(24,NULL,0),(24,NULL,0),(24,NULL,0),(24,NULL,0),(24,NULL,0),(24,NULL,0),(24,NULL,0),(24,NULL,0),(24,NULL,0),(24,NULL,0),(24,NULL,0),(24,NULL,0),(24,NULL,0),(24,NULL,0),(24,NULL,0),(24,NULL,0),(24,NULL,0),(24,NULL,0),(24,NULL,0),(24,NULL,0),(24,NULL,0),(24,NULL,0),(24,NULL,0),(24,NULL,0),(24,NULL,0),(24,NULL,0),(24,NULL,0),(24,NULL,0),(24,NULL,0),(24,NULL,0),(24,NULL,0),(24,NULL,0),(24,NULL,0),(24,NULL,0),(24,NULL,0),(24,NULL,0),(24,NULL,0),(24,NULL,0),(24,NULL,0),(24,NULL,0),(24,NULL,0),(24,NULL,0),(24,NULL,0),(24,NULL,0),(24,NULL,0),(24,NULL,0),(24,NULL,0),(24,NULL,0),(24,NULL,0),(24,NULL,0),(24,NULL,0),(24,NULL,0),(24,NULL,0),(24,NULL,0),(24,NULL,0),(24,NULL,0),(24,NULL,0),(24,NULL,0),(24,NULL,0),(24,NULL,0),(24,NULL,0),(24,NULL,0),(24,NULL,0),(24,NULL,0),(24,NULL,0),(24,NULL,0),(24,NULL,0),(24,NULL,0),(24,NULL,0),(24,NULL,0),(24,NULL,0),(24,NULL,0),(24,NULL,0),(24,NULL,0),(24,NULL,0),(24,NULL,0),(24,NULL,0),(24,NULL,0),(24,NULL,0),(24,NULL,0),(24,NULL,0),(24,NULL,0),(24,NULL,0),(24,NULL,0),(24,NULL,0),(24,NULL,0),(24,NULL,0),(24,NULL,0),(24,NULL,0),(24,NULL,0),(24,NULL,0),(24,NULL,0),(24,NULL,0),(24,NULL,0),(24,NULL,0),(24,NULL,0),(24,NULL,0),(24,NULL,0),(24,NULL,0),(24,NULL,0),(24,NULL,0),(24,NULL,0),(24,NULL,0),(24,NULL,0),(24,NULL,0),(24,NULL,0),(24,NULL,0),(24,NULL,0),(24,NULL,0),(24,NULL,0),(24,NULL,0),(24,NULL,0),(24,NULL,0),(24,NULL,0),(24,NULL,0),(24,NULL,0),(24,NULL,0),(24,NULL,0),(24,NULL,0),(24,NULL,0),(24,NULL,0),(24,NULL,0),(24,NULL,0),(24,NULL,0),(24,NULL,0),(24,NULL,0),(24,NULL,0),(24,NULL,0),(24,NULL,0),(24,NULL,0),(24,NULL,0),(24,NULL,0),(24,NULL,0),(24,NULL,0),(24,NULL,0),(24,NULL,0),(24,NULL,0),(24,NULL,0),(24,NULL,0),(24,NULL,0),(24,NULL,0),(24,NULL,0),(24,NULL,0),(24,NULL,0),(24,NULL,0),(24,NULL,0),(24,NULL,0),(24,NULL,0),(24,NULL,0),(24,NULL,0),(24,NULL,0),(24,NULL,0),(24,NULL,0),(24,NULL,0),(24,NULL,0),(24,NULL,0),(24,NULL,0),(24,NULL,0),(24,NULL,0),(24,NULL,0),(24,NULL,0),(24,NULL,0),(24,NULL,0),(24,NULL,0),(24,NULL,0),(24,NULL,0),(24,NULL,0),(24,NULL,0),(24,NULL,0),(24,NULL,0),(24,NULL,0),(24,NULL,0),(24,NULL,0),(24,NULL,0),(24,NULL,0),(24,NULL,0),(24,NULL,0),(24,NULL,0),(24,NULL,0),(24,NULL,0),(24,NULL,0),(24,NULL,0),(24,NULL,0),(24,NULL,0),(24,NULL,0),(24,NULL,0),(24,NULL,0),(24,NULL,0),(24,NULL,0),(24,NULL,0),(24,NULL,0),(24,NULL,0),(24,NULL,0),(24,NULL,0),(24,NULL,0),(24,NULL,0),(24,NULL,0),(24,NULL,0),(24,NULL,0),(24,NULL,0),(24,NULL,0),(24,NULL,0),(24,NULL,0),(24,NULL,0),(24,NULL,0),(24,NULL,0),(24,NULL,0),(24,NULL,0),(24,NULL,0),(24,NULL,0),(24,NULL,0),(24,NULL,0),(24,NULL,0),(24,NULL,0),(24,NULL,0),(24,NULL,0),(24,NULL,0),(24,NULL,0),(24,NULL,0),(24,NULL,0),(24,NULL,0),(24,NULL,0),(24,NULL,0),(24,NULL,0),(24,NULL,0),(24,NULL,0),(24,NULL,0),(24,NULL,0),(24,NULL,0),(24,NULL,0),(24,NULL,0),(24,NULL,0),(24,NULL,0),(24,NULL,0),(24,NULL,0),(24,NULL,0),(24,NULL,0),(24,NULL,0),(24,NULL,0),(24,NULL,0),(24,NULL,0),(24,NULL,0),(24,NULL,0),(24,NULL,0),(24,NULL,0),(24,NULL,0),(24,NULL,0),(24,NULL,0),(24,NULL,0),(24,NULL,0),(24,NULL,0),(24,NULL,0),(24,NULL,0),(24,NULL,0),(24,NULL,0),(24,NULL,0),(24,NULL,0),(24,NULL,0),(24,NULL,0),(24,NULL,0),(24,NULL,0),(24,NULL,0),(24,NULL,0),(24,NULL,0),(24,NULL,0),(24,NULL,0),(24,NULL,0),(24,NULL,0),(24,NULL,0),(24,NULL,0),(24,NULL,0),(24,NULL,0),(24,NULL,0),(24,NULL,0),(24,NULL,0),(24,NULL,0),(24,NULL,0),(24,NULL,0),(24,NULL,0),(24,NULL,0),(24,NULL,0),(24,NULL,0),(24,NULL,0),(24,NULL,0),(24,NULL,0),(24,NULL,0),(24,NULL,0),(24,NULL,0),(24,NULL,0),(24,NULL,0),(24,NULL,0),(24,NULL,0),(24,NULL,0),(24,NULL,0),(24,NULL,0),(24,NULL,0),(24,NULL,0),(24,NULL,0),(24,NULL,0),(24,NULL,0),(24,NULL,0),(24,NULL,0),(24,NULL,0),(24,NULL,0),(24,NULL,0),(24,NULL,0),(24,NULL,0),(24,NULL,0),(24,NULL,0),(24,NULL,0),(24,NULL,0),(24,NULL,0),(24,NULL,0),(24,NULL,0),(24,NULL,0),(24,NULL,0),(24,NULL,0),(24,NULL,0),(24,NULL,0),(24,NULL,0),(24,NULL,0),(24,NULL,0),(24,NULL,0),(24,NULL,0),(24,NULL,0),(24,NULL,0),(24,NULL,0),(24,NULL,0),(24,NULL,0),(24,NULL,0),(24,NULL,0),(24,NULL,0),(24,NULL,0),(24,NULL,0),(24,NULL,0),(24,NULL,0),(24,NULL,0),(24,NULL,0),(24,NULL,0),(24,NULL,0),(24,NULL,0),(24,NULL,0),(24,NULL,0),(24,NULL,0),(24,NULL,0),(24,NULL,0),(24,NULL,0),(24,NULL,0),(24,NULL,0),(24,NULL,0),(24,NULL,0),(24,NULL,0),(24,NULL,0),(24,NULL,0),(24,NULL,0),(24,NULL,0),(24,NULL,0),(24,NULL,0),(24,NULL,0),(24,NULL,0),(24,NULL,0),(24,NULL,0),(24,NULL,0),(24,NULL,0),(24,NULL,0),(24,NULL,0),(24,NULL,0),(24,NULL,0),(24,NULL,0),(24,NULL,0),(24,NULL,0),(24,NULL,0),(24,NULL,0),(24,NULL,0),(24,NULL,0),(24,NULL,0),(24,NULL,0),(24,NULL,0),(24,NULL,0),(24,NULL,0),(24,NULL,0),(24,NULL,0),(24,NULL,0),(24,NULL,0),(24,NULL,0),(24,NULL,0),(24,NULL,0),(24,NULL,0),(24,NULL,0),(24,NULL,0),(24,NULL,0),(24,NULL,0),(24,NULL,0),(24,NULL,0),(24,NULL,0),(24,NULL,0),(24,NULL,0),(24,NULL,0),(24,NULL,0),(24,NULL,0),(24,NULL,0),(24,NULL,0),(24,NULL,0),(24,NULL,0),(24,NULL,0),(24,NULL,0),(24,NULL,0),(24,NULL,0),(24,NULL,0),(24,NULL,0),(24,NULL,0),(24,NULL,0),(24,NULL,0),(24,NULL,0),(24,NULL,0),(24,NULL,0),(24,NULL,0),(24,NULL,0),(24,NULL,0),(24,NULL,0),(24,NULL,0),(24,NULL,0),(24,NULL,0),(24,NULL,0),(24,NULL,0),(24,NULL,0),(24,NULL,0),(24,NULL,0),(24,NULL,0),(24,NULL,0),(24,NULL,0),(24,NULL,0),(24,NULL,0),(24,NULL,0),(24,NULL,0),(24,NULL,0),(24,NULL,0),(24,NULL,0),(24,NULL,0),(24,NULL,0),(24,NULL,0),(24,NULL,0),(24,NULL,0),(24,NULL,0),(24,NULL,0),(24,NULL,0),(24,NULL,0),(24,NULL,0),(24,NULL,0),(24,NULL,0),(24,NULL,0),(24,NULL,0),(24,NULL,0),(24,NULL,0),(24,NULL,0),(24,NULL,0),(24,NULL,0),(24,NULL,0),(24,NULL,0),(24,NULL,0),(24,NULL,0),(24,NULL,0),(24,NULL,0),(24,NULL,0),(24,NULL,0),(24,NULL,0),(24,NULL,0),(24,NULL,0),(24,NULL,0),(24,NULL,0),(24,NULL,0),(24,NULL,0),(24,NULL,0),(24,NULL,0),(24,NULL,0),(24,NULL,0),(24,NULL,0),(24,NULL,0),(24,NULL,0),(24,NULL,0),(24,NULL,0),(24,NULL,0),(24,NULL,0),(24,NULL,0),(24,NULL,0),(24,NULL,0),(24,NULL,0),(24,NULL,0),(24,NULL,0),(24,NULL,0),(24,NULL,0),(24,NULL,0),(24,NULL,0),(24,NULL,0),(24,NULL,0),(24,NULL,0),(24,NULL,0),(24,NULL,0),(24,NULL,0),(24,NULL,0),(24,NULL,0),(24,NULL,0),(24,NULL,0),(24,NULL,0),(24,NULL,0),(24,NULL,0),(24,NULL,0),(24,NULL,0),(24,NULL,0),(24,NULL,0),(24,NULL,0),(24,NULL,0),(24,NULL,0),(24,NULL,0),(24,NULL,0),(24,NULL,0),(24,NULL,0),(24,NULL,0),(24,NULL,0),(24,NULL,0),(24,NULL,0),(24,NULL,0),(24,NULL,0),(24,NULL,0),(24,NULL,0),(24,NULL,0),(24,NULL,0),(24,NULL,0),(24,NULL,0),(24,NULL,0),(24,NULL,0),(24,NULL,0),(24,NULL,0),(24,NULL,0),(24,NULL,0),(24,NULL,0),(24,NULL,0),(24,NULL,0),(24,NULL,0),(24,NULL,0),(24,NULL,0),(24,NULL,0),(24,NULL,0),(24,NULL,0),(24,NULL,0),(24,NULL,0),(24,NULL,0),(24,NULL,0),(24,NULL,0),(24,NULL,0),(24,NULL,0),(24,NULL,0),(24,NULL,0),(24,NULL,0),(24,NULL,0),(24,NULL,0),(24,NULL,0),(24,NULL,0),(24,NULL,0),(24,NULL,0),(24,NULL,0),(24,NULL,0),(24,NULL,0),(24,NULL,0),(24,NULL,0),(24,NULL,0),(24,NULL,0),(24,NULL,0),(24,NULL,0),(24,NULL,0),(24,NULL,0),(24,NULL,0),(24,NULL,0),(24,NULL,0),(24,NULL,0),(24,NULL,0),(24,NULL,0),(24,NULL,0),(24,NULL,0),(24,NULL,0),(24,NULL,0),(24,NULL,0),(24,NULL,0),(24,NULL,0),(24,NULL,0),(24,NULL,0),(24,NULL,0),(24,NULL,0),(24,NULL,0),(24,NULL,0),(24,NULL,0),(24,NULL,0),(24,NULL,0),(24,NULL,0),(24,NULL,0),(24,NULL,0),(24,NULL,0),(24,NULL,0),(24,NULL,0),(24,NULL,0),(24,NULL,0),(24,NULL,0),(24,NULL,0),(24,NULL,0),(24,NULL,0),(24,NULL,0),(24,NULL,0),(24,NULL,0),(24,NULL,0),(24,NULL,0),(24,NULL,0),(24,NULL,0),(24,NULL,0),(24,NULL,0),(24,NULL,0),(24,NULL,0),(24,NULL,0),(24,NULL,0),(24,NULL,0),(24,NULL,0),(24,NULL,0),(24,NULL,0),(24,NULL,0),(24,NULL,0),(24,NULL,0),(24,NULL,0),(24,NULL,0),(24,NULL,0),(24,NULL,0),(24,NULL,0),(24,NULL,0),(24,NULL,0),(24,NULL,0),(24,NULL,0),(24,NULL,0),(24,NULL,0),(24,NULL,0),(24,NULL,0),(24,NULL,0),(24,NULL,0),(24,NULL,0),(24,NULL,0),(24,NULL,0),(24,NULL,0),(24,NULL,0),(24,NULL,0),(24,NULL,0),(24,NULL,0),(24,NULL,0),(24,NULL,0),(24,NULL,0),(24,NULL,0),(24,NULL,0),(24,NULL,0),(24,NULL,0),(24,NULL,0),(24,NULL,0),(24,NULL,0),(24,NULL,0),(24,NULL,0),(24,NULL,0),(24,NULL,0),(24,NULL,0),(24,NULL,0),(24,NULL,0),(24,NULL,0),(24,NULL,0),(24,NULL,0),(24,NULL,0),(24,NULL,0),(24,NULL,0),(24,NULL,0),(24,NULL,0),(24,NULL,0),(24,NULL,0),(24,NULL,0),(24,NULL,0),(24,NULL,0),(24,NULL,0),(24,NULL,0),(24,NULL,0),(24,NULL,0),(24,NULL,0),(24,NULL,0),(24,NULL,0),(24,NULL,0),(24,NULL,0),(24,NULL,0),(24,NULL,0),(24,NULL,0),(24,NULL,0),(24,NULL,0),(24,NULL,0),(24,NULL,0),(24,NULL,0),(24,NULL,0),(24,NULL,0),(24,NULL,0),(24,NULL,0),(24,NULL,0),(24,NULL,0),(24,NULL,0),(24,NULL,0),(24,NULL,0),(24,NULL,0),(24,NULL,0),(24,NULL,0),(24,NULL,0),(24,NULL,0),(24,NULL,0),(24,NULL,0),(24,NULL,0),(24,NULL,0),(24,NULL,0),(24,NULL,0),(24,NULL,0),(24,NULL,0),(24,NULL,0),(24,NULL,0),(24,NULL,0),(24,NULL,0),(24,NULL,0),(24,NULL,0),(24,NULL,0),(24,NULL,0),(24,NULL,0),(24,NULL,0),(24,NULL,0),(24,NULL,0),(24,NULL,0),(24,NULL,0),(24,NULL,0),(24,NULL,0),(24,NULL,0),(24,NULL,0),(24,NULL,0),(24,NULL,0),(24,NULL,0),(24,NULL,0),(24,NULL,0),(24,NULL,0),(24,NULL,0),(24,NULL,0),(24,NULL,0),(24,NULL,0),(24,NULL,0),(24,NULL,0),(24,NULL,0),(24,NULL,0),(24,NULL,0),(24,NULL,0),(24,NULL,0),(24,NULL,0),(24,NULL,0),(24,NULL,0),(24,NULL,0),(24,NULL,0),(24,NULL,0),(24,NULL,0),(24,NULL,0),(24,NULL,0),(24,NULL,0),(24,NULL,0),(24,NULL,0),(24,NULL,0),(24,NULL,0),(24,NULL,0),(24,NULL,0),(24,NULL,0),(24,NULL,0),(24,NULL,0),(24,NULL,0),(24,NULL,0),(24,NULL,0),(24,NULL,0),(24,NULL,0),(24,NULL,0),(24,NULL,0),(24,NULL,0),(24,NULL,0),(24,NULL,0),(24,NULL,0),(24,NULL,0),(24,NULL,0),(24,NULL,0),(24,NULL,0),(24,NULL,0),(24,NULL,0),(24,NULL,0),(24,NULL,0),(24,NULL,0),(24,NULL,0),(24,NULL,0),(24,NULL,0),(24,NULL,0),(24,NULL,0),(24,NULL,0),(24,NULL,0),(24,NULL,0),(24,NULL,0),(24,NULL,0),(24,NULL,0),(24,NULL,0),(24,NULL,0),(24,NULL,0),(24,NULL,0),(24,NULL,0),(24,NULL,0),(24,NULL,0),(24,NULL,0),(24,NULL,0),(24,NULL,0),(24,NULL,0),(24,NULL,0),(24,NULL,0),(24,NULL,0),(24,NULL,0),(24,NULL,0),(24,NULL,0),(24,NULL,0),(24,NULL,0),(24,NULL,0),(24,NULL,0),(24,NULL,0),(24,NULL,0),(24,NULL,0),(24,NULL,0),(24,NULL,0),(24,NULL,0),(24,NULL,0),(24,NULL,0),(24,NULL,0),(24,NULL,0),(24,NULL,0),(24,NULL,0),(24,NULL,0),(24,NULL,0),(24,NULL,0),(24,NULL,0),(24,NULL,0),(24,NULL,0),(24,NULL,0),(24,NULL,0),(24,NULL,0),(24,NULL,0),(24,NULL,0),(24,NULL,0),(24,NULL,0),(24,NULL,0),(24,NULL,0),(24,NULL,0),(24,NULL,0),(24,NULL,0),(24,NULL,0),(24,NULL,0),(24,NULL,0),(24,NULL,0),(24,NULL,0),(24,NULL,0),(24,NULL,0),(24,NULL,0),(24,NULL,0),(24,NULL,0),(24,NULL,0),(24,NULL,0),(24,NULL,0),(24,NULL,0),(24,NULL,0),(24,NULL,0),(24,NULL,0),(24,NULL,0),(24,NULL,0),(24,NULL,0),(24,NULL,0),(24,NULL,0),(24,NULL,0),(24,NULL,0),(24,NULL,0),(24,NULL,0),(24,NULL,0),(24,NULL,0),(24,NULL,0),(24,NULL,0),(24,NULL,0),(24,NULL,0),(24,NULL,0),(24,NULL,0),(24,NULL,0),(24,NULL,0),(24,NULL,0),(24,NULL,0),(24,NULL,0),(24,NULL,0),(24,NULL,0),(24,NULL,0),(24,NULL,0),(24,NULL,0),(24,NULL,0),(24,NULL,0),(24,NULL,0),(24,NULL,0),(24,NULL,0),(24,NULL,0),(24,NULL,0),(24,NULL,0),(24,NULL,0),(24,NULL,0),(24,NULL,0),(24,NULL,0),(24,NULL,0),(24,NULL,0),(24,NULL,0),(24,NULL,0),(24,NULL,0),(24,NULL,0),(24,NULL,0),(24,NULL,0),(24,NULL,0),(24,NULL,0),(24,NULL,0),(24,NULL,0),(24,NULL,0),(24,NULL,0),(24,NULL,0),(24,NULL,0),(24,NULL,0),(24,NULL,0),(24,NULL,0),(24,NULL,0),(24,NULL,0),(24,NULL,0),(24,NULL,0),(24,NULL,0),(24,NULL,0),(24,NULL,0),(24,NULL,0),(24,NULL,0),(24,NULL,0),(24,NULL,0),(24,NULL,0),(24,NULL,0),(24,NULL,0),(24,NULL,0),(24,NULL,0),(24,NULL,0),(24,NULL,0),(24,NULL,0),(24,NULL,0),(24,NULL,0),(24,NULL,0),(24,NULL,0),(24,NULL,0),(24,NULL,0),(24,NULL,0),(24,NULL,0),(24,NULL,0),(24,NULL,0),(24,NULL,0),(24,NULL,0),(24,NULL,0),(24,NULL,0),(24,NULL,0),(24,NULL,0),(24,NULL,0),(24,NULL,0),(24,NULL,0),(24,NULL,0),(24,NULL,0),(24,NULL,0),(24,NULL,0),(24,NULL,0),(24,NULL,0),(24,NULL,0),(24,NULL,0),(24,NULL,0),(24,NULL,0),(24,NULL,0),(24,NULL,0),(24,NULL,0),(24,NULL,0),(24,NULL,0),(24,NULL,0),(24,NULL,0),(24,NULL,0),(24,NULL,0),(24,NULL,0),(24,NULL,0),(24,NULL,0),(24,NULL,0),(24,NULL,0),(24,NULL,0),(24,NULL,0),(24,NULL,0),(24,NULL,0),(24,NULL,0),(24,NULL,0),(24,NULL,0),(24,NULL,0),(24,NULL,0),(24,NULL,0),(24,NULL,0),(24,NULL,0),(24,NULL,0),(24,NULL,0),(24,NULL,0),(24,NULL,0),(24,NULL,0),(24,NULL,0),(24,NULL,0),(24,NULL,0),(24,NULL,0),(24,NULL,0),(24,NULL,0),(24,NULL,0),(24,NULL,0),(24,NULL,0),(24,NULL,0),(24,NULL,0),(24,NULL,0),(24,NULL,0),(24,NULL,0),(24,NULL,0),(24,NULL,0),(24,NULL,0),(24,NULL,0),(24,NULL,0),(24,NULL,0),(24,NULL,0),(24,NULL,0),(24,NULL,0),(24,NULL,0),(24,NULL,0),(24,NULL,0),(24,NULL,0),(24,NULL,0),(24,NULL,0),(24,NULL,0),(24,NULL,0),(24,NULL,0),(24,NULL,0),(24,NULL,0),(24,NULL,0),(24,NULL,0),(24,NULL,0),(24,NULL,0),(24,NULL,0),(24,NULL,0),(24,NULL,0),(24,NULL,0),(24,NULL,0),(24,NULL,0),(24,NULL,0),(24,NULL,0),(24,NULL,0),(24,NULL,0),(24,NULL,0),(24,NULL,0),(24,NULL,0),(24,NULL,0),(24,NULL,0),(24,NULL,0),(24,NULL,0),(24,NULL,0),(24,NULL,0),(24,NULL,0),(24,NULL,0),(24,NULL,0),(24,NULL,0),(24,NULL,0),(24,NULL,0),(24,NULL,0),(24,NULL,0),(24,NULL,0),(24,NULL,0),(24,NULL,0),(24,NULL,0),(24,NULL,0),(24,NULL,0),(24,NULL,0),(24,NULL,0),(24,NULL,0),(24,NULL,0),(24,NULL,0),(24,NULL,0),(24,NULL,0),(24,NULL,0),(24,NULL,0),(24,NULL,0),(24,NULL,0),(24,NULL,0),(24,NULL,0),(24,NULL,0),(24,NULL,0),(24,NULL,0),(24,NULL,0),(24,NULL,0),(24,NULL,0),(24,NULL,0),(24,NULL,0),(24,NULL,0),(24,NULL,0),(24,NULL,0),(24,NULL,0),(24,NULL,0),(24,NULL,0),(24,NULL,0),(24,NULL,0),(24,NULL,0),(24,NULL,0),(24,NULL,0),(24,NULL,0),(24,NULL,0),(24,NULL,0),(24,NULL,0),(24,NULL,0),(24,NULL,0),(24,NULL,0),(24,NULL,0),(24,NULL,0),(24,NULL,0),(24,NULL,0),(24,NULL,0),(24,NULL,0),(24,NULL,0),(24,NULL,0),(24,NULL,0),(24,NULL,0),(24,NULL,0),(24,NULL,0),(24,NULL,0),(24,NULL,0),(24,NULL,0),(24,NULL,0),(24,NULL,0),(24,NULL,0),(24,NULL,0),(24,NULL,0),(24,NULL,0),(24,NULL,0),(24,NULL,0),(24,NULL,0),(24,NULL,0),(24,NULL,0),(24,NULL,0),(24,NULL,0),(24,NULL,0),(24,NULL,0),(24,NULL,0),(24,NULL,0),(24,NULL,0),(24,NULL,0),(24,NULL,0),(24,NULL,0),(24,NULL,0),(24,NULL,0),(24,NULL,0),(24,NULL,0),(24,NULL,0),(24,NULL,0),(24,NULL,0),(24,NULL,0),(24,NULL,0),(24,NULL,0),(24,NULL,0),(24,NULL,0),(24,NULL,0),(24,NULL,0),(24,NULL,0),(24,NULL,0),(24,NULL,0),(24,NULL,0),(24,NULL,0),(24,NULL,0),(24,NULL,0),(24,NULL,0),(24,NULL,0),(24,NULL,0),(24,NULL,0),(24,NULL,0),(24,NULL,0),(24,NULL,0),(24,NULL,0),(24,NULL,0),(24,NULL,0),(24,NULL,0),(24,NULL,0),(24,NULL,0),(24,NULL,0),(24,NULL,0),(24,NULL,0),(24,NULL,0),(24,NULL,0),(24,NULL,0),(24,NULL,0),(24,NULL,0),(24,NULL,0),(24,NULL,0),(24,NULL,0),(24,NULL,0),(24,NULL,0),(24,NULL,0),(24,NULL,0),(24,NULL,0),(24,NULL,0),(24,NULL,0),(24,NULL,0),(24,NULL,0),(24,NULL,0),(24,NULL,0),(24,NULL,0),(24,NULL,0),(24,NULL,0),(24,NULL,0),(24,NULL,0),(24,NULL,0),(24,NULL,0),(24,NULL,0),(24,NULL,0),(24,NULL,0),(24,NULL,0),(24,NULL,0),(24,NULL,0),(24,NULL,0),(24,NULL,0),(24,NULL,0),(24,NULL,0),(24,NULL,0),(24,NULL,0),(24,NULL,0),(24,NULL,0),(24,NULL,0),(24,NULL,0),(24,NULL,0),(24,NULL,0),(24,NULL,0),(24,NULL,0),(24,NULL,0),(24,NULL,0),(24,NULL,0),(24,NULL,0),(24,NULL,0),(24,NULL,0),(24,NULL,0),(24,NULL,0),(24,NULL,0),(24,NULL,0),(24,NULL,0),(24,NULL,0),(24,NULL,0),(24,NULL,0),(24,NULL,0),(24,NULL,0),(24,NULL,0),(24,NULL,0),(24,NULL,0),(24,NULL,0),(24,NULL,0),(24,NULL,0),(24,NULL,0),(24,NULL,0),(24,NULL,0),(24,NULL,0),(24,NULL,0),(24,NULL,0),(24,NULL,0),(24,NULL,0),(24,NULL,0),(24,NULL,0),(24,NULL,0),(24,NULL,0),(24,NULL,0),(24,NULL,0),(24,NULL,0),(24,NULL,0),(24,NULL,0),(24,NULL,0),(24,NULL,0),(24,NULL,0),(24,NULL,0),(24,NULL,0),(24,NULL,0),(24,NULL,0),(24,NULL,0),(24,NULL,0),(24,NULL,0),(24,NULL,0),(24,NULL,0),(24,NULL,0),(24,NULL,0),(24,NULL,0),(24,NULL,0),(24,NULL,0),(24,NULL,0),(24,NULL,0),(24,NULL,0),(24,NULL,0),(24,NULL,0),(24,NULL,0),(24,NULL,0),(24,NULL,0),(24,NULL,0),(24,NULL,0),(24,NULL,0),(24,NULL,0),(24,NULL,0),(24,NULL,0),(24,NULL,0),(24,NULL,0),(24,NULL,0),(24,NULL,0),(24,NULL,0),(24,NULL,0),(24,NULL,0),(24,NULL,0),(24,NULL,0),(24,NULL,0),(24,NULL,0),(24,NULL,0),(24,NULL,0),(24,NULL,0),(24,NULL,0),(24,NULL,0),(24,NULL,0),(24,NULL,0),(24,NULL,0),(24,NULL,0),(24,NULL,0),(24,NULL,0),(24,NULL,0),(24,NULL,0),(24,NULL,0),(24,NULL,0),(24,NULL,0),(24,NULL,0),(24,NULL,0),(24,NULL,0),(24,NULL,0),(24,NULL,0),(24,NULL,0),(24,NULL,0),(24,NULL,0),(24,NULL,0),(24,NULL,0),(24,NULL,0),(24,NULL,0),(24,NULL,0),(24,NULL,0),(24,NULL,0),(24,NULL,0),(24,NULL,0),(24,NULL,0),(24,NULL,0),(24,NULL,0),(24,NULL,0),(24,NULL,0),(24,NULL,0),(24,NULL,0),(24,NULL,0),(24,NULL,0),(24,NULL,0),(24,NULL,0),(24,NULL,0),(24,NULL,0),(24,NULL,0),(24,NULL,0),(24,NULL,0),(24,NULL,0),(24,NULL,0),(24,NULL,0),(24,NULL,0),(24,NULL,0),(24,NULL,0),(24,NULL,0),(24,NULL,0),(24,NULL,0),(24,NULL,0),(24,NULL,0),(24,NULL,0),(24,NULL,0),(24,NULL,0),(24,NULL,0),(24,NULL,0),(24,NULL,0),(24,NULL,0),(24,NULL,0),(24,NULL,0),(24,NULL,0),(24,NULL,0),(24,NULL,0),(24,NULL,0),(24,NULL,0),(24,NULL,0),(24,NULL,0),(24,NULL,0),(24,NULL,0),(24,NULL,0),(24,NULL,0),(24,NULL,0),(24,NULL,0),(24,NULL,0),(24,NULL,0),(24,NULL,0),(24,NULL,0),(24,NULL,0),(24,NULL,0),(24,NULL,0),(24,NULL,0),(24,NULL,0),(24,NULL,0),(24,NULL,0),(24,NULL,0),(24,NULL,0),(24,NULL,0),(24,NULL,0),(24,NULL,0),(24,NULL,0),(24,NULL,0),(24,NULL,0),(24,NULL,0),(24,NULL,0),(24,NULL,0),(24,NULL,0),(24,NULL,0),(24,NULL,0),(24,NULL,0),(24,NULL,0),(24,NULL,0),(24,NULL,0),(24,NULL,0),(24,NULL,0),(24,NULL,0),(24,NULL,0),(24,NULL,0),(24,NULL,0),(24,NULL,0),(24,NULL,0),(24,NULL,0),(24,NULL,0),(24,NULL,0),(24,NULL,0),(24,NULL,0),(24,NULL,0),(24,NULL,0),(24,NULL,0),(24,NULL,0),(24,NULL,0),(24,NULL,0),(24,NULL,0),(24,NULL,0),(24,NULL,0),(24,NULL,0),(24,NULL,0),(24,NULL,0),(24,NULL,0),(24,NULL,0),(24,NULL,0),(24,NULL,0),(24,NULL,0),(24,NULL,0),(24,NULL,0),(24,NULL,0),(24,NULL,0),(24,NULL,0),(24,NULL,0),(24,NULL,0),(24,NULL,0),(24,NULL,0),(24,NULL,0),(24,NULL,0),(24,NULL,0),(24,NULL,0),(24,NULL,0),(24,NULL,0),(24,NULL,0),(24,NULL,0),(24,NULL,0),(24,NULL,0),(24,NULL,0),(24,NULL,0),(24,NULL,0),(24,NULL,0),(24,NULL,0),(24,NULL,0),(24,NULL,0),(24,NULL,0),(24,NULL,0),(24,NULL,0),(24,NULL,0),(24,NULL,0),(24,NULL,0),(24,NULL,0),(24,NULL,0),(24,NULL,0),(24,NULL,0),(24,NULL,0),(24,NULL,0),(24,NULL,0),(24,NULL,0),(24,NULL,0),(24,NULL,0),(24,NULL,0),(24,NULL,0),(24,NULL,0),(24,NULL,0),(24,NULL,0),(24,NULL,0),(24,NULL,0),(24,NULL,0),(24,NULL,0),(24,NULL,0),(24,NULL,0),(24,NULL,0),(24,NULL,0),(24,NULL,0),(24,NULL,0),(24,NULL,0),(24,NULL,0),(24,NULL,0),(24,NULL,0),(24,NULL,0),(24,NULL,0),(24,NULL,0),(24,NULL,0),(24,NULL,0),(24,NULL,0),(24,NULL,0),(24,NULL,0),(24,NULL,0),(24,NULL,0),(24,NULL,0),(24,NULL,0),(24,NULL,0),(24,NULL,0),(24,NULL,0),(24,NULL,0),(24,NULL,0),(24,NULL,0),(24,NULL,0),(24,NULL,0),(24,NULL,0),(24,NULL,0),(24,NULL,0),(24,NULL,0),(24,NULL,0),(24,NULL,0),(24,NULL,0),(24,NULL,0),(24,NULL,0),(24,NULL,0),(24,NULL,0),(24,NULL,0),(24,NULL,0),(24,NULL,0),(24,NULL,0),(24,NULL,0),(24,NULL,0),(24,NULL,0),(24,NULL,0),(24,NULL,0),(24,NULL,0),(24,NULL,0),(24,NULL,0),(24,NULL,0),(24,NULL,0),(24,NULL,0),(24,NULL,0),(24,NULL,0),(24,NULL,0),(24,NULL,0),(24,NULL,0),(24,NULL,0),(24,NULL,0),(24,NULL,0),(24,NULL,0),(24,NULL,0),(24,NULL,0),(24,NULL,0),(24,NULL,0),(24,NULL,0),(24,NULL,0),(24,NULL,0),(24,NULL,0),(24,NULL,0),(24,NULL,0),(24,NULL,0),(24,NULL,0),(24,NULL,0),(24,NULL,0),(24,NULL,0),(24,NULL,0),(24,NULL,0),(24,NULL,0),(24,NULL,0),(24,NULL,0),(24,NULL,0),(24,NULL,0),(24,NULL,0),(24,NULL,0),(24,NULL,0),(24,NULL,0),(24,NULL,0),(24,NULL,0),(24,NULL,0),(24,NULL,0),(24,NULL,0),(24,NULL,0),(24,NULL,0),(24,NULL,0),(24,NULL,0),(24,NULL,0),(24,NULL,0),(24,NULL,0),(24,NULL,0),(24,NULL,0),(24,NULL,0),(24,NULL,0),(24,NULL,0),(24,NULL,0),(24,NULL,0),(24,NULL,0),(24,NULL,0),(24,NULL,0),(24,NULL,0),(24,NULL,0),(24,NULL,0),(24,NULL,0),(24,NULL,0),(24,NULL,0),(24,NULL,0),(24,NULL,0),(24,NULL,0),(24,NULL,0),(24,NULL,0),(24,NULL,0),(24,NULL,0),(24,NULL,0),(24,NULL,0),(24,NULL,0),(24,NULL,0),(24,NULL,0),(24,NULL,0),(24,NULL,0),(24,NULL,0),(24,NULL,0),(24,NULL,0),(24,NULL,0),(24,NULL,0),(24,NULL,0),(24,NULL,0),(24,NULL,0),(24,NULL,0),(24,NULL,0),(24,NULL,0),(24,NULL,0),(24,NULL,0),(24,NULL,0),(24,NULL,0),(24,NULL,0),(24,NULL,0),(24,NULL,0),(24,NULL,0),(24,NULL,0),(24,NULL,0),(24,NULL,0),(24,NULL,0),(24,NULL,0),(24,NULL,0),(24,NULL,0),(24,NULL,0),(24,NULL,0),(24,NULL,0),(24,NULL,0),(24,NULL,0),(24,NULL,0),(24,NULL,0),(24,NULL,0),(24,NULL,0),(24,NULL,0),(24,NULL,0),(24,NULL,0),(24,NULL,0),(24,NULL,0),(24,NULL,0),(24,NULL,0),(24,NULL,0),(24,NULL,0),(24,NULL,0),(24,NULL,0),(24,NULL,0),(24,NULL,0),(24,NULL,0),(24,NULL,0),(24,NULL,0),(24,NULL,0),(24,NULL,0),(24,NULL,0),(24,NULL,0),(24,NULL,0),(24,NULL,0),(24,NULL,0),(24,NULL,0),(24,NULL,0),(24,NULL,0),(24,NULL,0),(24,NULL,0),(24,NULL,0),(24,NULL,0),(24,NULL,0),(24,NULL,0),(24,NULL,0),(24,NULL,0),(24,NULL,0),(24,NULL,0),(24,NULL,0),(24,NULL,0),(24,NULL,0),(24,NULL,0),(24,NULL,0),(24,NULL,0),(24,NULL,0),(24,NULL,0),(24,NULL,0),(24,NULL,0),(24,NULL,0),(24,NULL,0),(24,NULL,0),(24,NULL,0),(24,NULL,0),(24,NULL,0),(24,NULL,0),(24,NULL,0),(24,NULL,0),(24,NULL,0),(24,NULL,0),(24,NULL,0),(24,NULL,0),(24,NULL,0),(24,NULL,0),(24,NULL,0),(24,NULL,0),(24,NULL,0),(24,NULL,0),(24,NULL,0),(24,NULL,0),(24,NULL,0),(24,NULL,0),(24,NULL,0),(24,NULL,0),(24,NULL,0),(24,NULL,0),(24,NULL,0),(24,NULL,0),(24,NULL,0),(24,NULL,0),(24,NULL,0),(24,NULL,0),(24,NULL,0),(24,NULL,0),(24,NULL,0),(24,NULL,0),(24,NULL,0),(24,NULL,0),(24,NULL,0),(24,NULL,0),(24,NULL,0),(24,NULL,0),(24,NULL,0),(24,NULL,0),(24,NULL,0),(24,NULL,0),(24,NULL,0),(24,NULL,0),(24,NULL,0),(24,NULL,0),(24,NULL,0),(24,NULL,0),(24,NULL,0),(24,NULL,0),(24,NULL,0),(24,NULL,0),(24,NULL,0),(24,NULL,0),(24,NULL,0),(24,NULL,0),(24,NULL,0),(24,NULL,0),(24,NULL,0),(24,NULL,0),(24,NULL,0),(24,NULL,0),(24,NULL,0),(24,NULL,0),(24,NULL,0),(24,NULL,0),(24,NULL,0),(24,NULL,0),(24,NULL,0),(24,NULL,0),(24,NULL,0),(24,NULL,0),(24,NULL,0),(24,NULL,0),(24,NULL,0),(24,NULL,0),(24,NULL,0),(24,NULL,0),(24,NULL,0),(24,NULL,0),(24,NULL,0),(24,NULL,0),(24,NULL,0),(24,NULL,0),(24,NULL,0),(24,NULL,0),(24,NULL,0),(24,NULL,0),(24,NULL,0),(24,NULL,0),(24,NULL,0),(24,NULL,0),(24,NULL,0),(24,NULL,0),(24,NULL,0),(24,NULL,0),(24,NULL,0),(24,NULL,0),(24,NULL,0),(24,NULL,0),(24,NULL,0),(24,NULL,0),(24,NULL,0),(24,NULL,0),(24,NULL,0),(24,NULL,0),(24,NULL,0),(24,NULL,0),(24,NULL,0),(24,NULL,0),(24,NULL,0),(24,NULL,0),(24,NULL,0),(24,NULL,0),(24,NULL,0),(24,NULL,0),(24,NULL,0),(24,NULL,0),(24,NULL,0),(24,NULL,0),(24,NULL,0),(24,NULL,0),(24,NULL,0),(24,NULL,0),(24,NULL,0),(24,NULL,0),(24,NULL,0),(24,NULL,0),(24,NULL,0),(24,NULL,0),(24,NULL,0),(24,NULL,0),(24,NULL,0),(24,NULL,0),(24,NULL,0),(24,NULL,0),(24,NULL,0),(24,NULL,0),(24,NULL,0),(24,NULL,0),(24,NULL,0),(24,NULL,0),(24,NULL,0),(24,NULL,0),(24,NULL,0),(24,NULL,0),(24,NULL,0),(24,NULL,0),(24,NULL,0),(24,NULL,0),(24,NULL,0),(24,NULL,0),(24,NULL,0),(24,NULL,0),(24,NULL,0),(24,NULL,0),(24,NULL,0),(24,NULL,0),(24,NULL,0),(24,NULL,0),(24,NULL,0),(24,NULL,0),(24,NULL,0),(24,NULL,0),(24,NULL,0),(24,NULL,0),(24,NULL,0),(24,NULL,0),(24,NULL,0),(24,NULL,0),(24,NULL,0),(24,NULL,0),(24,NULL,0),(24,NULL,0),(24,NULL,0),(24,NULL,0),(24,NULL,0),(24,NULL,0),(24,NULL,0),(24,NULL,0),(24,NULL,0),(24,NULL,0),(24,NULL,0),(24,NULL,0),(24,NULL,0),(24,NULL,0),(24,NULL,0),(24,NULL,0),(24,NULL,0),(24,NULL,0),(24,NULL,0),(24,NULL,0),(24,NULL,0),(24,NULL,0),(24,NULL,0),(24,NULL,0),(24,NULL,0),(24,NULL,0),(24,NULL,0),(24,NULL,0),(24,NULL,0),(24,NULL,0),(24,NULL,0),(24,NULL,0),(24,NULL,0),(24,NULL,0),(24,NULL,0),(24,NULL,0),(24,NULL,0),(24,NULL,0),(24,NULL,0),(24,NULL,0),(24,NULL,0),(24,NULL,0),(24,NULL,0),(24,NULL,0),(24,NULL,0),(24,NULL,0),(24,NULL,0),(24,NULL,0),(24,NULL,0),(24,NULL,0),(24,NULL,0),(24,NULL,0),(24,NULL,0),(24,NULL,0),(24,NULL,0),(24,NULL,0),(24,NULL,0),(24,NULL,0),(24,NULL,0),(24,NULL,0),(24,NULL,0),(24,NULL,0),(24,NULL,0),(24,NULL,0),(24,NULL,0),(24,NULL,0),(24,NULL,0),(24,NULL,0),(24,NULL,0),(24,NULL,0),(24,NULL,0),(24,NULL,0),(24,NULL,0),(24,NULL,0),(24,NULL,0),(24,NULL,0),(24,NULL,0),(24,NULL,0),(24,NULL,0),(24,NULL,0),(24,NULL,0),(24,NULL,0),(24,NULL,0),(24,NULL,0),(24,NULL,0),(24,NULL,0),(24,NULL,0),(24,NULL,0),(24,NULL,0),(24,NULL,0),(24,NULL,0),(24,NULL,0),(24,NULL,0),(24,NULL,0),(24,NULL,0),(24,NULL,0),(24,NULL,0),(24,NULL,0),(24,NULL,0),(24,NULL,0),(24,NULL,0),(24,NULL,0),(24,NULL,0),(24,NULL,0),(24,NULL,0),(24,NULL,0),(24,NULL,0),(24,NULL,0),(24,NULL,0),(24,NULL,0),(24,NULL,0),(24,NULL,0),(24,NULL,0),(24,NULL,0),(24,NULL,0),(24,NULL,0),(24,NULL,0),(24,NULL,0),(24,NULL,0),(24,NULL,0),(24,NULL,0),(24,NULL,0),(24,NULL,0),(24,NULL,0),(24,NULL,0),(24,NULL,0),(24,NULL,0),(24,NULL,0),(24,NULL,0),(24,NULL,0),(24,NULL,0),(24,NULL,0),(24,NULL,0),(24,NULL,0),(24,NULL,0),(24,NULL,0),(24,NULL,0),(24,NULL,0),(24,NULL,0),(24,NULL,0),(24,NULL,0),(24,NULL,0),(24,NULL,0),(24,NULL,0),(24,NULL,0),(24,NULL,0),(24,NULL,0),(24,NULL,0),(24,NULL,0),(24,NULL,0),(24,NULL,0),(24,NULL,0),(24,NULL,0),(24,NULL,0),(24,NULL,0),(24,NULL,0),(24,NULL,0),(24,NULL,0),(24,NULL,0),(24,NULL,0),(24,NULL,0),(24,NULL,0),(24,NULL,0),(24,NULL,0),(24,NULL,0),(24,NULL,0),(24,NULL,0),(24,NULL,0),(24,NULL,0),(24,NULL,0),(24,NULL,0),(24,NULL,0),(24,NULL,0),(24,NULL,0),(24,NULL,0),(24,NULL,0),(24,NULL,0),(24,NULL,0),(24,NULL,0),(24,NULL,0),(24,NULL,0),(24,NULL,0),(24,NULL,0),(24,NULL,0),(24,NULL,0),(24,NULL,0),(24,NULL,0),(24,NULL,0),(24,NULL,0),(24,NULL,0),(24,NULL,0),(24,NULL,0),(24,NULL,0),(24,NULL,0),(24,NULL,0),(24,NULL,0),(24,NULL,0),(24,NULL,0),(24,NULL,0),(24,NULL,0),(24,NULL,0),(24,NULL,0),(24,NULL,0),(24,NULL,0),(24,NULL,0),(24,NULL,0),(24,NULL,0),(24,NULL,0),(24,NULL,0),(24,NULL,0),(24,NULL,0),(24,NULL,0),(24,NULL,0),(24,NULL,0),(24,NULL,0),(24,NULL,0),(24,NULL,0),(24,NULL,0),(24,NULL,0),(24,NULL,0),(24,NULL,0),(24,NULL,0),(24,NULL,0),(24,NULL,0),(24,NULL,0),(24,NULL,0),(24,NULL,0),(24,NULL,0),(24,NULL,0),(24,NULL,0),(24,NULL,0),(24,NULL,0),(24,NULL,0),(24,NULL,0),(24,NULL,0),(24,NULL,0),(24,NULL,0),(24,NULL,0),(24,NULL,0),(24,NULL,0),(24,NULL,0),(24,NULL,0),(24,NULL,0),(24,NULL,0),(24,NULL,0),(24,NULL,0),(24,NULL,0),(24,NULL,0),(24,NULL,0),(24,NULL,0),(24,NULL,0),(24,NULL,0),(24,NULL,0),(24,NULL,0),(24,NULL,0),(24,NULL,0),(24,NULL,0),(24,NULL,0),(24,NULL,0),(24,NULL,0),(24,NULL,0),(24,NULL,0),(24,NULL,0),(24,NULL,0),(24,NULL,0),(24,NULL,0),(24,NULL,0),(24,NULL,0),(24,NULL,0),(24,NULL,0),(24,NULL,0),(24,NULL,0),(24,NULL,0),(24,NULL,0),(24,NULL,0),(24,NULL,0),(24,NULL,0),(24,NULL,0),(24,NULL,0),(24,NULL,0),(24,NULL,0),(24,NULL,0),(24,NULL,0),(24,NULL,0),(24,NULL,0),(24,NULL,0),(24,NULL,0),(24,NULL,0),(24,NULL,0),(24,NULL,0),(24,NULL,0),(24,NULL,0),(24,NULL,0),(24,NULL,0),(24,NULL,0),(24,NULL,0),(24,NULL,0),(24,NULL,0),(24,NULL,0),(24,NULL,0),(24,NULL,0),(24,NULL,0),(24,NULL,0),(24,NULL,0),(24,NULL,0),(24,NULL,0),(24,NULL,0),(24,NULL,0),(24,NULL,0),(24,NULL,0),(24,NULL,0),(24,NULL,0),(24,NULL,0),(24,NULL,0),(24,NULL,0),(24,NULL,0),(24,NULL,0),(24,NULL,0),(24,NULL,0),(24,NULL,0),(24,NULL,0),(24,NULL,0),(24,NULL,0),(24,NULL,0),(24,NULL,0),(24,NULL,0),(24,NULL,0),(24,NULL,0),(24,NULL,0),(24,NULL,0),(24,NULL,0),(24,NULL,0),(24,NULL,0),(24,NULL,0),(24,NULL,0),(24,NULL,0),(24,NULL,0),(24,NULL,0),(24,NULL,0),(24,NULL,0),(24,NULL,0),(24,NULL,0),(24,NULL,0),(24,NULL,0),(24,NULL,0),(24,NULL,0),(24,NULL,0),(24,NULL,0),(24,NULL,0),(24,NULL,0),(24,NULL,0),(24,NULL,0),(24,NULL,0),(24,NULL,0),(24,NULL,0),(24,NULL,0),(24,NULL,0),(24,NULL,0),(24,NULL,0),(24,NULL,0),(24,NULL,0),(24,NULL,0),(24,NULL,0),(24,NULL,0),(24,NULL,0),(24,NULL,0),(24,NULL,0),(24,NULL,0),(24,NULL,0),(24,NULL,0),(24,NULL,0),(24,NULL,0),(24,NULL,0),(24,NULL,0),(24,NULL,0),(24,NULL,0),(24,NULL,0),(24,NULL,0),(24,NULL,0),(24,NULL,0),(24,NULL,0),(24,NULL,0),(24,NULL,0),(24,NULL,0),(24,NULL,0),(24,NULL,0),(24,NULL,0),(24,NULL,0),(24,NULL,0),(24,NULL,0),(24,NULL,0),(24,NULL,0),(24,NULL,0),(24,NULL,0),(24,NULL,0),(24,NULL,0),(24,NULL,0),(24,NULL,0),(24,NULL,0),(24,NULL,0),(24,NULL,0),(24,NULL,0),(24,NULL,0),(24,NULL,0),(24,NULL,0),(24,NULL,0),(24,NULL,0),(24,NULL,0),(24,NULL,0),(24,NULL,0),(24,NULL,0),(24,NULL,0),(24,NULL,0),(24,NULL,0),(24,NULL,0),(24,NULL,0),(24,NULL,0),(24,NULL,0),(24,NULL,0),(24,NULL,0),(24,NULL,0),(24,NULL,0),(24,NULL,0),(24,NULL,0),(24,NULL,0),(24,NULL,0),(24,NULL,0),(24,NULL,0),(24,NULL,0),(24,NULL,0),(24,NULL,0),(24,NULL,0),(24,NULL,0),(24,NULL,0),(24,NULL,0),(24,NULL,0),(24,NULL,0),(24,NULL,0),(24,NULL,0),(24,NULL,0),(24,NULL,0),(24,NULL,0),(24,NULL,0),(24,NULL,0),(24,NULL,0),(24,NULL,0),(24,NULL,0),(24,NULL,0),(24,NULL,0),(24,NULL,0),(24,NULL,0),(24,NULL,0),(24,NULL,0),(24,NULL,0),(24,NULL,0),(24,NULL,0),(24,NULL,0),(24,NULL,0),(24,NULL,0),(24,NULL,0),(24,NULL,0),(24,NULL,0),(24,NULL,0),(24,NULL,0),(24,NULL,0),(24,NULL,0),(24,NULL,0),(24,NULL,0),(24,NULL,0),(24,NULL,0),(24,NULL,0),(24,NULL,0),(24,NULL,0),(24,NULL,0),(24,NULL,0),(24,NULL,0),(24,NULL,0),(24,NULL,0),(24,NULL,0),(24,NULL,0),(24,NULL,0),(24,NULL,0),(24,NULL,0),(24,NULL,0),(24,NULL,0),(24,NULL,0),(24,NULL,0),(24,NULL,0),(24,NULL,0),(24,NULL,0),(24,NULL,0),(24,NULL,0),(24,NULL,0),(24,NULL,0),(24,NULL,0),(24,NULL,0),(24,NULL,0),(24,NULL,0),(24,NULL,0),(24,NULL,0),(24,NULL,0),(24,NULL,0),(24,NULL,0),(24,NULL,0),(24,NULL,0),(24,NULL,0),(24,NULL,0),(24,NULL,0),(24,NULL,0),(24,NULL,0),(24,NULL,0),(24,NULL,0),(24,NULL,0),(24,NULL,0),(24,NULL,0),(24,NULL,0),(24,NULL,0),(24,NULL,0),(24,NULL,0),(24,NULL,0),(24,NULL,0),(24,NULL,0),(24,NULL,0),(24,NULL,0),(24,NULL,0),(24,NULL,0),(24,NULL,0),(24,NULL,0),(24,NULL,0),(24,NULL,0),(24,NULL,0),(24,NULL,0),(24,NULL,0),(24,NULL,0),(24,NULL,0),(24,NULL,0),(24,NULL,0),(24,NULL,0),(24,NULL,0),(24,NULL,0),(24,NULL,0),(24,NULL,0),(24,NULL,0),(24,NULL,0),(24,NULL,0),(24,NULL,0),(24,NULL,0),(24,NULL,0),(24,NULL,0),(24,NULL,0),(24,NULL,0),(24,NULL,0),(24,NULL,0),(24,NULL,0),(24,NULL,0),(24,NULL,0),(24,NULL,0),(24,NULL,0),(24,NULL,0),(24,NULL,0),(24,NULL,0),(24,NULL,0),(24,NULL,0),(24,NULL,0),(24,NULL,0),(24,NULL,0),(24,NULL,0),(24,NULL,0),(24,NULL,0),(24,NULL,0),(24,NULL,0),(24,NULL,0),(24,NULL,0),(24,NULL,0),(24,NULL,0),(24,NULL,0),(24,NULL,0),(24,NULL,0),(24,NULL,0),(24,NULL,0),(24,NULL,0),(24,NULL,0),(24,NULL,0),(24,NULL,0),(24,NULL,0),(24,NULL,0),(24,NULL,0),(24,NULL,0),(24,NULL,0),(24,NULL,0),(24,NULL,0),(24,NULL,0),(24,NULL,0),(24,NULL,0),(24,NULL,0),(24,NULL,0),(24,NULL,0),(24,NULL,0),(24,NULL,0),(24,NULL,0),(24,NULL,0),(24,NULL,0),(24,NULL,0),(24,NULL,0),(24,NULL,0),(24,NULL,0),(24,NULL,0),(24,NULL,0),(24,NULL,0),(24,NULL,0),(24,NULL,0),(24,NULL,0),(24,NULL,0),(24,NULL,0),(24,NULL,0),(24,NULL,0),(24,NULL,0),(24,NULL,0),(24,NULL,0),(24,NULL,0),(24,NULL,0),(24,NULL,0),(24,NULL,0),(24,NULL,0),(24,NULL,0),(24,NULL,0),(24,NULL,0),(24,NULL,0),(24,NULL,0),(24,NULL,0),(24,NULL,0),(24,NULL,0),(24,NULL,0),(24,NULL,0),(24,NULL,0),(24,NULL,0),(24,NULL,0),(24,NULL,0),(24,NULL,0),(24,NULL,0),(24,NULL,0),(24,NULL,0),(24,NULL,0),(24,NULL,0),(24,NULL,0),(24,NULL,0),(24,NULL,0),(24,NULL,0),(24,NULL,0),(24,NULL,0),(24,NULL,0),(24,NULL,0),(24,NULL,0),(24,NULL,0),(24,NULL,0),(24,NULL,0),(24,NULL,0),(24,NULL,0),(24,NULL,0),(24,NULL,0),(24,NULL,0),(24,NULL,0),(24,NULL,0),(24,NULL,0),(24,NULL,0),(24,NULL,0),(24,NULL,0),(24,NULL,0),(24,NULL,0),(24,NULL,0),(24,NULL,0),(24,NULL,0),(24,NULL,0),(24,NULL,0),(24,NULL,0),(24,NULL,0),(24,NULL,0),(24,NULL,0),(24,NULL,0),(24,NULL,0),(24,NULL,0),(24,NULL,0),(24,NULL,0),(24,NULL,0),(24,NULL,0),(24,NULL,0),(24,NULL,0),(24,NULL,0),(24,NULL,0),(24,NULL,0),(24,NULL,0),(24,NULL,0),(24,NULL,0),(24,NULL,0),(24,NULL,0),(24,NULL,0),(24,NULL,0),(24,NULL,0),(24,NULL,0),(24,NULL,0),(24,NULL,0),(24,NULL,0),(24,NULL,0),(24,NULL,0),(24,NULL,0),(24,NULL,0),(24,NULL,0),(24,NULL,0),(24,NULL,0),(24,NULL,0),(24,NULL,0),(24,NULL,0),(24,NULL,0),(24,NULL,0),(24,NULL,0),(24,NULL,0),(24,NULL,0),(24,NULL,0),(24,NULL,0),(24,NULL,0),(24,NULL,0),(24,NULL,0),(24,NULL,0),(24,NULL,0),(24,NULL,0),(24,NULL,0),(24,NULL,0),(24,NULL,0),(24,NULL,0),(24,NULL,0),(24,NULL,0),(24,NULL,0),(24,NULL,0),(24,NULL,0),(24,NULL,0),(24,NULL,0),(24,NULL,0),(24,NULL,0),(24,NULL,0),(24,NULL,0),(24,NULL,0),(24,NULL,0),(24,NULL,0),(24,NULL,0),(24,NULL,0),(24,NULL,0),(24,NULL,0),(24,NULL,0),(24,NULL,0),(24,NULL,0),(24,NULL,0),(24,NULL,0),(24,NULL,0),(24,NULL,0),(24,NULL,0),(24,NULL,0),(24,NULL,0),(24,NULL,0),(24,NULL,0),(24,NULL,0),(24,NULL,0),(24,NULL,0),(24,NULL,0),(24,NULL,0),(24,NULL,0),(24,NULL,0),(24,NULL,0),(24,NULL,0),(24,NULL,0),(24,NULL,0),(24,NULL,0),(24,NULL,0),(24,NULL,0),(24,NULL,0),(24,NULL,0),(24,NULL,0),(24,NULL,0),(24,NULL,0),(24,NULL,0),(24,NULL,0),(24,NULL,0),(24,NULL,0),(24,NULL,0),(24,NULL,0),(24,NULL,0),(24,NULL,0),(24,NULL,0),(24,NULL,0),(24,NULL,0),(24,NULL,0),(24,NULL,0),(24,NULL,0),(24,NULL,0),(24,NULL,0),(24,NULL,0),(24,NULL,0),(24,NULL,0),(24,NULL,0),(24,NULL,0),(24,NULL,0),(24,NULL,0),(24,NULL,0),(24,NULL,0),(24,NULL,0),(24,NULL,0),(24,NULL,0),(24,NULL,0),(24,NULL,0),(24,NULL,0),(24,NULL,0),(24,NULL,0),(24,NULL,0),(24,NULL,0),(24,NULL,0),(24,NULL,0),(24,NULL,0),(24,NULL,0),(24,NULL,0),(24,NULL,0),(24,NULL,0),(24,NULL,0),(24,NULL,0),(24,NULL,0),(24,NULL,0),(24,NULL,0),(24,NULL,0),(24,NULL,0),(24,NULL,0),(24,NULL,0),(24,NULL,0),(24,NULL,0),(24,NULL,0),(24,NULL,0),(24,NULL,0),(24,NULL,0),(24,NULL,0),(24,NULL,0),(24,NULL,0),(24,NULL,0),(24,NULL,0),(24,NULL,0),(24,NULL,0),(24,NULL,0),(24,NULL,0),(24,NULL,0),(24,NULL,0),(24,NULL,0),(24,NULL,0),(24,NULL,0),(24,NULL,0),(24,NULL,0),(24,NULL,0),(24,NULL,0),(24,NULL,0),(24,NULL,0),(24,NULL,0),(24,NULL,0),(24,NULL,0),(24,NULL,0),(24,NULL,0),(24,NULL,0),(24,NULL,0),(24,NULL,0),(24,NULL,0),(24,NULL,0),(24,NULL,0),(24,NULL,0),(24,NULL,0),(24,NULL,0),(24,NULL,0),(24,NULL,0),(24,NULL,0),(24,NULL,0),(24,NULL,0),(24,NULL,0),(24,NULL,0),(24,NULL,0),(24,NULL,0),(24,NULL,0),(24,NULL,0),(24,NULL,0),(24,NULL,0),(24,NULL,0),(24,NULL,0),(24,NULL,0),(24,NULL,0),(24,NULL,0),(24,NULL,0),(24,NULL,0),(24,NULL,0),(24,NULL,0),(24,NULL,0),(24,NULL,0),(24,NULL,0),(24,NULL,0),(24,NULL,0),(24,NULL,0),(24,NULL,0),(24,NULL,0),(24,NULL,0),(24,NULL,0),(24,NULL,0),(24,NULL,0),(24,NULL,0),(24,NULL,0),(24,NULL,0),(24,NULL,0),(24,NULL,0),(24,NULL,0),(24,NULL,0),(24,NULL,0),(24,NULL,0),(24,NULL,0),(24,NULL,0),(24,NULL,0),(24,NULL,0),(24,NULL,0),(24,NULL,0),(24,NULL,0),(24,NULL,0),(24,NULL,0),(24,NULL,0),(24,NULL,0),(24,NULL,0),(24,NULL,0),(24,NULL,0),(24,NULL,0),(24,NULL,0),(24,NULL,0),(24,NULL,0),(24,NULL,0),(24,NULL,0),(24,NULL,0),(24,NULL,0),(24,NULL,0),(24,NULL,0),(24,NULL,0),(24,NULL,0),(24,NULL,0),(24,NULL,0),(24,NULL,0),(24,NULL,0),(24,NULL,0),(24,NULL,0),(24,NULL,0),(24,NULL,0),(24,NULL,0),(24,NULL,0),(24,NULL,0),(24,NULL,0),(24,NULL,0),(24,NULL,0),(24,NULL,0),(24,NULL,0),(24,NULL,0),(24,NULL,0),(24,NULL,0),(24,NULL,0),(24,NULL,0),(24,NULL,0),(24,NULL,0),(24,NULL,0),(24,NULL,0),(24,NULL,0),(24,NULL,0),(24,NULL,0),(24,NULL,0),(24,NULL,0),(24,NULL,0),(24,NULL,0),(24,NULL,0),(24,NULL,0),(24,NULL,0),(24,NULL,0),(24,NULL,0),(24,NULL,0),(24,NULL,0),(24,NULL,0),(24,NULL,0),(24,NULL,0),(24,NULL,0),(24,NULL,0),(24,NULL,0),(24,NULL,0),(24,NULL,0),(24,NULL,0),(24,NULL,0),(24,NULL,0),(24,NULL,0),(24,NULL,0),(24,NULL,0),(24,NULL,0),(24,NULL,0),(24,NULL,0),(24,NULL,0),(24,NULL,0),(24,NULL,0),(24,NULL,0),(24,NULL,0),(24,NULL,0),(24,NULL,0),(24,NULL,0),(24,NULL,0),(24,NULL,0),(24,NULL,0),(24,NULL,0),(24,NULL,0),(24,NULL,0),(24,NULL,0),(24,NULL,0),(24,NULL,0),(24,NULL,0),(24,NULL,0),(24,NULL,0),(24,NULL,0),(24,NULL,0),(24,NULL,0),(24,NULL,0),(24,NULL,0),(24,NULL,0),(24,NULL,0),(24,NULL,0),(24,NULL,0),(24,NULL,0),(24,NULL,0),(24,NULL,0),(24,NULL,0),(24,NULL,0),(24,NULL,0),(24,NULL,0),(24,NULL,0),(24,NULL,0),(24,NULL,0),(24,NULL,0),(24,NULL,0),(24,NULL,0),(24,NULL,0),(24,NULL,0),(24,NULL,0),(24,NULL,0),(24,NULL,0),(24,NULL,0),(24,NULL,0),(24,NULL,0),(24,NULL,0),(24,NULL,0),(24,NULL,0),(24,NULL,0),(24,NULL,0),(24,NULL,0),(24,NULL,0),(24,NULL,0),(24,NULL,0),(24,NULL,0),(24,NULL,0),(24,NULL,0),(24,NULL,0),(24,NULL,0),(24,NULL,0),(24,NULL,0),(24,NULL,0),(24,NULL,0),(24,NULL,0),(24,NULL,0),(24,NULL,0),(24,NULL,0),(24,NULL,0),(24,NULL,0),(24,NULL,0),(24,NULL,0),(24,NULL,0),(24,NULL,0),(24,NULL,0),(24,NULL,0),(24,NULL,0),(24,NULL,0),(24,NULL,0),(24,NULL,0),(24,NULL,0),(24,NULL,0),(24,NULL,0),(24,NULL,0),(24,NULL,0),(24,NULL,0),(24,NULL,0),(24,NULL,0),(24,NULL,0),(24,NULL,0),(24,NULL,0),(24,NULL,0),(24,NULL,0),(24,NULL,0),(24,NULL,0),(24,NULL,0),(24,NULL,0),(24,NULL,0),(24,NULL,0),(24,NULL,0),(24,NULL,0),(24,NULL,0),(24,NULL,0),(24,NULL,0),(24,NULL,0),(24,NULL,0),(24,NULL,0),(24,NULL,0),(24,NULL,0),(24,NULL,0),(24,NULL,0),(24,NULL,0),(24,NULL,0),(24,NULL,0),(24,NULL,0),(24,NULL,0),(24,NULL,0),(24,NULL,0),(24,NULL,0),(24,NULL,0),(24,NULL,0),(24,NULL,0),(24,NULL,0),(24,NULL,0),(24,NULL,0),(24,NULL,0),(24,NULL,0),(24,NULL,0),(24,NULL,0),(24,NULL,0),(24,NULL,0),(24,NULL,0),(24,NULL,0),(24,NULL,0),(24,NULL,0),(24,NULL,0),(24,NULL,0),(24,NULL,0),(24,NULL,0),(24,NULL,0),(24,NULL,0),(24,NULL,0),(24,NULL,0),(24,NULL,0),(24,NULL,0),(24,NULL,0),(24,NULL,0),(24,NULL,0),(24,NULL,0),(24,NULL,0),(24,NULL,0),(24,NULL,0),(24,NULL,0),(24,NULL,0),(24,NULL,0),(24,NULL,0),(24,NULL,0);
/*!40000 ALTER TABLE `State` ENABLE KEYS */;
UNLOCK TABLES;
/*!40103 SET TIME_ZONE=@OLD_TIME_ZONE */;

/*!40101 SET SQL_MODE=@OLD_SQL_MODE */;
/*!40014 SET FOREIGN_KEY_CHECKS=@OLD_FOREIGN_KEY_CHECKS */;
/*!40014 SET UNIQUE_CHECKS=@OLD_UNIQUE_CHECKS */;
/*!40101 SET CHARACTER_SET_CLIENT=@OLD_CHARACTER_SET_CLIENT */;
/*!40101 SET CHARACTER_SET_RESULTS=@OLD_CHARACTER_SET_RESULTS */;
/*!40101 SET COLLATION_CONNECTION=@OLD_COLLATION_CONNECTION */;
/*!40111 SET SQL_NOTES=@OLD_SQL_NOTES */;

-- Dump completed on 2020-11-10 17:16:54
