-- MySQL dump 10.13  Distrib 8.0.22, for macos10.15 (x86_64)
--
-- Host: localhost    Database: healthdata
-- ------------------------------------------------------
-- Server version	8.0.22

/*!40101 SET @OLD_CHARACTER_SET_CLIENT=@@CHARACTER_SET_CLIENT */;
/*!40101 SET @OLD_CHARACTER_SET_RESULTS=@@CHARACTER_SET_RESULTS */;
/*!40101 SET @OLD_COLLATION_CONNECTION=@@COLLATION_CONNECTION */;
/*!50503 SET NAMES utf8mb4 */;
/*!40103 SET @OLD_TIME_ZONE=@@TIME_ZONE */;
/*!40103 SET TIME_ZONE='+00:00' */;
/*!40014 SET @OLD_UNIQUE_CHECKS=@@UNIQUE_CHECKS, UNIQUE_CHECKS=0 */;
/*!40014 SET @OLD_FOREIGN_KEY_CHECKS=@@FOREIGN_KEY_CHECKS, FOREIGN_KEY_CHECKS=0 */;
/*!40101 SET @OLD_SQL_MODE=@@SQL_MODE, SQL_MODE='NO_AUTO_VALUE_ON_ZERO' */;
/*!40111 SET @OLD_SQL_NOTES=@@SQL_NOTES, SQL_NOTES=0 */;

--
-- Table structure for table `Biometrics`
--

DROP TABLE IF EXISTS `Biometrics`;
/*!40101 SET @saved_cs_client     = @@character_set_client */;
/*!50503 SET character_set_client = utf8mb4 */;
CREATE TABLE `Biometrics` (
  `ID_person` int NOT NULL,
  `oxigen_level` int DEFAULT NULL,
  `heart_rythm` int DEFAULT NULL,
  `date` datetime NOT NULL,
  KEY `biometrics_ID_person` (`ID_person`),
  CONSTRAINT `biometrics_ID_person` FOREIGN KEY (`ID_person`) REFERENCES `Person` (`ID_person`)
) ENGINE=InnoDB DEFAULT CHARSET=utf8mb4 COLLATE=utf8mb4_0900_ai_ci;
/*!40101 SET character_set_client = @saved_cs_client */;

--
-- Dumping data for table `Biometrics`
--

LOCK TABLES `Biometrics` WRITE;
/*!40000 ALTER TABLE `Biometrics` DISABLE KEYS */;
INSERT INTO `Biometrics` VALUES (3811,94,71,'2020-11-25 20:11:22'),(3811,94,107,'2020-11-25 20:11:24'),(3811,95,50,'2020-11-25 20:11:27'),(3811,100,150,'2020-11-25 20:11:30'),(3811,96,115,'2020-11-25 20:11:32'),(3811,98,187,'2020-11-25 20:11:35'),(3811,100,214,'2020-11-25 20:11:38'),(3811,100,62,'2020-11-25 20:11:40'),(3811,97,136,'2020-11-25 20:11:43'),(3811,95,150,'2020-11-25 20:11:46'),(3811,100,35,'2020-11-25 20:11:49'),(3811,100,107,'2020-11-25 20:11:51'),(3811,99,16,'2020-11-25 20:11:54'),(3811,100,65,'2020-11-25 20:11:57'),(3811,100,100,'2020-11-25 20:11:59'),(3811,100,93,'2020-11-25 20:12:02'),(3811,94,214,'2020-11-25 20:12:05'),(3811,100,136,'2020-11-25 20:12:08'),(3811,98,50,'2020-11-25 20:12:10'),(3811,100,88,'2020-11-25 20:12:13'),(3811,100,166,'2020-11-25 20:12:16'),(3811,93,115,'2020-11-25 20:12:18'),(3811,100,187,'2020-11-25 20:12:21'),(3811,100,250,'2020-11-25 20:12:24'),(3811,100,214,'2020-11-25 20:12:27'),(3811,100,39,'2020-11-25 20:12:29'),(3811,99,115,'2020-11-25 20:12:32'),(3811,100,136,'2020-11-25 20:12:35'),(3811,97,300,'2020-11-25 20:12:37'),(3811,97,166,'2020-11-25 20:12:40'),(3811,99,214,'2020-11-25 20:12:42'),(3811,100,88,'2020-11-25 20:12:45'),(3811,97,250,'2020-11-25 20:12:48'),(3811,97,250,'2020-11-25 20:12:50'),(3811,99,250,'2020-11-25 20:12:53'),(3811,100,250,'2020-11-25 20:13:03'),(3811,98,250,'2020-11-25 20:13:06'),(3811,99,250,'2020-11-25 20:13:13'),(3811,100,250,'2020-11-25 20:13:21'),(3811,96,300,'2020-11-25 20:13:24'),(3811,99,166,'2020-11-25 20:13:27'),(3811,100,214,'2020-11-25 20:13:29'),(3811,99,214,'2020-11-25 20:13:32'),(3811,99,250,'2020-11-25 20:13:35'),(3812,93,166,'2020-11-25 20:13:46'),(3813,82,75,'2020-11-25 20:13:48'),(3812,100,214,'2020-11-25 20:13:51'),(3814,98,136,'2020-11-25 20:13:53'),(3813,98,187,'2020-11-25 20:13:56'),(3813,100,187,'2020-11-25 20:13:59'),(3813,99,83,'2020-11-25 20:14:02'),(3812,100,166,'2020-11-25 20:14:04'),(3814,96,100,'2020-11-25 20:14:07'),(3812,99,78,'2020-11-25 20:14:10'),(3812,100,250,'2020-11-25 20:14:12'),(3814,100,36,'2020-11-25 20:14:15'),(3812,98,166,'2020-11-25 20:14:18'),(3812,100,250,'2020-11-25 20:14:20'),(3814,96,136,'2020-11-25 20:14:23'),(3812,100,50,'2020-11-25 20:14:26'),(3813,99,71,'2020-11-26 21:21:46'),(3813,100,27,'2020-11-26 21:21:48'),(3811,84,21,'2020-11-26 21:21:51'),(3812,84,78,'2020-11-26 21:21:54'),(3811,99,65,'2020-11-26 21:21:56'),(3813,99,35,'2020-11-26 21:21:59'),(3812,80,34,'2020-11-26 21:22:02'),(3812,81,46,'2020-11-26 21:22:04'),(3814,81,36,'2020-11-26 21:22:07'),(3813,100,31,'2020-11-26 21:22:10'),(3811,100,93,'2020-11-26 21:22:13'),(3811,100,53,'2020-11-26 21:22:15'),(3812,98,34,'2020-11-26 21:22:18'),(3814,92,68,'2020-11-26 21:22:21'),(3812,100,18,'2020-11-26 21:25:42'),(3811,100,33,'2020-11-26 21:25:57'),(3811,100,41,'2020-11-26 21:26:06'),(3812,97,42,'2020-11-26 21:26:23'),(3812,100,250,'2020-11-26 21:26:35'),(3814,90,88,'2020-11-26 21:27:02'),(3813,100,115,'2020-11-26 21:27:18'),(3813,81,71,'2020-11-26 21:27:31'),(3814,88,60,'2020-11-26 21:27:39'),(3813,93,23,'2020-11-26 21:27:48'),(3812,100,166,'2020-11-26 21:27:59'),(3813,85,71,'2020-11-26 21:28:09'),(3813,96,71,'2020-11-26 21:28:19'),(3813,97,55,'2020-11-26 21:28:27'),(3814,83,100,'2020-11-26 21:28:34'),(3812,88,150,'2020-11-26 21:28:42'),(3812,84,166,'2020-11-26 21:28:49'),(3813,95,115,'2020-11-26 21:28:57'),(3813,93,71,'2020-11-26 21:29:09'),(3811,95,65,'2020-11-26 21:29:17'),(3813,93,107,'2020-11-26 21:29:25'),(3814,93,136,'2020-11-26 21:29:57'),(3814,97,88,'2020-11-26 21:30:04'),(3814,83,40,'2020-11-26 21:30:15'),(3814,98,300,'2020-11-26 21:30:23'),(3811,94,37,'2020-11-26 21:30:30'),(3813,85,27,'2020-11-26 21:30:39'),(3813,100,115,'2020-11-26 21:30:46'),(3811,97,125,'2020-11-26 21:30:58'),(3812,82,62,'2020-11-26 21:31:05'),(3812,98,150,'2020-11-26 21:31:13'),(3811,92,93,'2020-11-26 21:31:20'),(3814,90,88,'2020-11-26 21:31:28'),(3813,90,107,'2020-11-26 21:31:35'),(3813,95,107,'2020-11-26 21:31:43'),(3811,98,65,'2020-11-26 21:31:50'),(3812,96,166,'2020-11-26 21:32:04'),(3813,84,55,'2020-11-26 21:32:13'),(3812,92,214,'2020-11-26 21:42:35'),(3812,82,50,'2020-11-26 21:42:44'),(3811,96,33,'2020-11-26 21:42:52'),(3812,87,214,'2020-11-26 21:42:59'),(3812,85,62,'2020-11-26 21:43:05'),(3812,86,30,'2020-11-26 21:43:12'),(3813,99,187,'2020-11-26 21:43:18'),(3813,98,75,'2020-11-26 21:43:25'),(3814,100,100,'2020-11-26 21:43:32'),(3811,99,93,'2020-11-26 21:43:38'),(3814,98,100,'2020-11-26 21:43:45'),(3814,100,136,'2020-11-26 21:43:52'),(3811,100,125,'2020-11-27 17:27:35'),(3813,94,187,'2020-11-27 19:06:28'),(3812,94,214,'2020-11-27 19:10:27'),(3812,100,214,'2020-11-27 19:12:23'),(3814,98,68,'2020-11-28 15:34:10'),(3814,86,115,'2020-11-28 15:48:38'),(3814,97,166,'2020-11-28 16:18:17'),(3814,82,93,'2020-11-28 16:24:33'),(3814,100,100,'2020-11-28 16:28:35'),(3813,84,100,'2020-11-29 00:16:02'),(3815,90,48,'2020-11-30 15:59:15'),(3814,90,115,'2020-11-30 23:00:51'),(3814,92,300,'2020-11-30 23:14:56'),(3811,100,150,'2020-11-30 23:15:55'),(3814,82,136,'2020-12-03 13:27:22'),(3811,90,136,'2020-12-03 13:30:07'),(3813,100,100,'2020-12-03 13:33:48'),(3814,100,125,'2020-12-03 13:37:37'),(3812,98,83,'2020-12-03 13:39:32'),(3813,88,136,'2020-12-03 13:39:56'),(3815,96,136,'2020-12-03 13:40:28'),(3814,98,166,'2020-12-03 13:41:49'),(3814,88,44,'2020-12-03 13:42:19'),(3814,100,42,'2020-12-03 13:44:43');
/*!40000 ALTER TABLE `Biometrics` ENABLE KEYS */;
UNLOCK TABLES;

--
-- Temporary view structure for view `o2`
--

DROP TABLE IF EXISTS `o2`;
/*!50001 DROP VIEW IF EXISTS `o2`*/;
SET @saved_cs_client     = @@character_set_client;
/*!50503 SET character_set_client = utf8mb4 */;
/*!50001 CREATE VIEW `o2` AS SELECT 
 1 AS `Nombre de Persona`,
 1 AS `Nivel de Oxigeno`,
 1 AS `Fecha de Medida`*/;
SET character_set_client = @saved_cs_client;

--
-- Table structure for table `Person`
--

DROP TABLE IF EXISTS `Person`;
/*!40101 SET @saved_cs_client     = @@character_set_client */;
/*!50503 SET character_set_client = utf8mb4 */;
CREATE TABLE `Person` (
  `ID_person` int NOT NULL AUTO_INCREMENT,
  `username` varchar(45) DEFAULT NULL,
  PRIMARY KEY (`ID_person`),
  UNIQUE KEY `ID_person_UNIQUE` (`ID_person`)
) ENGINE=InnoDB AUTO_INCREMENT=3816 DEFAULT CHARSET=utf8mb4 COLLATE=utf8mb4_0900_ai_ci;
/*!40101 SET character_set_client = @saved_cs_client */;

--
-- Dumping data for table `Person`
--

LOCK TABLES `Person` WRITE;
/*!40000 ALTER TABLE `Person` DISABLE KEYS */;
INSERT INTO `Person` VALUES (3811,'user-1'),(3812,'user-2'),(3813,'user-3'),(3814,'user-0'),(3815,'user-4');
/*!40000 ALTER TABLE `Person` ENABLE KEYS */;
UNLOCK TABLES;

--
-- Temporary view structure for view `ritmo_cardiaco`
--

DROP TABLE IF EXISTS `ritmo_cardiaco`;
/*!50001 DROP VIEW IF EXISTS `ritmo_cardiaco`*/;
SET @saved_cs_client     = @@character_set_client;
/*!50503 SET character_set_client = utf8mb4 */;
/*!50001 CREATE VIEW `ritmo_cardiaco` AS SELECT 
 1 AS `Nombre de Persona`,
 1 AS `Ritmo Cardiaco`,
 1 AS `Fecha de Medida`,
 1 AS `Riesgo de Salud`*/;
SET character_set_client = @saved_cs_client;

--
-- Table structure for table `State`
--

DROP TABLE IF EXISTS `State`;
/*!40101 SET @saved_cs_client     = @@character_set_client */;
/*!50503 SET character_set_client = utf8mb4 */;
CREATE TABLE `State` (
  `ID_person` int NOT NULL,
  `date` datetime DEFAULT NULL,
  `risk` tinyint DEFAULT NULL
) ENGINE=InnoDB DEFAULT CHARSET=utf8mb4 COLLATE=utf8mb4_0900_ai_ci;
/*!40101 SET character_set_client = @saved_cs_client */;

--
-- Dumping data for table `State`
--

LOCK TABLES `State` WRITE;
/*!40000 ALTER TABLE `State` DISABLE KEYS */;
INSERT INTO `State` VALUES (3811,'2020-11-25 20:11:22',0),(3811,'2020-11-25 20:11:24',0),(3811,'2020-11-25 20:11:27',0),(3811,'2020-11-25 20:11:30',0),(3811,'2020-11-25 20:11:32',0),(3811,'2020-11-25 20:11:35',0),(3811,'2020-11-25 20:11:38',0),(3811,'2020-11-25 20:11:40',0),(3811,'2020-11-25 20:11:43',0),(3811,'2020-11-25 20:11:46',0),(3811,'2020-11-25 20:11:49',0),(3811,'2020-11-25 20:11:51',0),(3811,'2020-11-25 20:11:54',0),(3811,'2020-11-25 20:11:57',0),(3811,'2020-11-25 20:11:59',0),(3811,'2020-11-25 20:12:02',0),(3811,'2020-11-25 20:12:05',0),(3811,'2020-11-25 20:12:08',0),(3811,'2020-11-25 20:12:10',0),(3811,'2020-11-25 20:12:13',0),(3811,'2020-11-25 20:12:16',0),(3811,'2020-11-25 20:12:18',0),(3811,'2020-11-25 20:12:21',0),(3811,'2020-11-25 20:12:24',0),(3811,'2020-11-25 20:12:27',0),(3811,'2020-11-25 20:12:29',0),(3811,'2020-11-25 20:12:32',0),(3811,'2020-11-25 20:12:35',0),(3811,'2020-11-25 20:12:37',0),(3811,'2020-11-25 20:12:40',0),(3811,'2020-11-25 20:12:42',0),(3811,'2020-11-25 20:12:45',0),(3811,'2020-11-25 20:12:48',0),(3811,'2020-11-25 20:12:50',0),(3811,'2020-11-25 20:12:53',0),(3811,'2020-11-25 20:13:03',0),(3811,'2020-11-25 20:13:06',0),(3811,'2020-11-25 20:13:13',0),(3811,'2020-11-25 20:13:21',0),(3811,'2020-11-25 20:13:24',0),(3811,'2020-11-25 20:13:27',0),(3811,'2020-11-25 20:13:29',0),(3811,'2020-11-25 20:13:32',0),(3811,'2020-11-25 20:13:35',0),(3812,'2020-11-25 20:13:46',0),(3813,'2020-11-25 20:13:48',0),(3812,'2020-11-25 20:13:51',0),(3814,'2020-11-25 20:13:53',0),(3813,'2020-11-25 20:13:56',0),(3813,'2020-11-25 20:13:59',0),(3813,'2020-11-25 20:14:02',0),(3812,'2020-11-25 20:14:04',0),(3814,'2020-11-25 20:14:07',0),(3812,'2020-11-25 20:14:10',0),(3812,'2020-11-25 20:14:12',0),(3814,'2020-11-25 20:14:15',0),(3812,'2020-11-25 20:14:18',0),(3812,'2020-11-25 20:14:20',0),(3814,'2020-11-25 20:14:23',0),(3812,'2020-11-25 20:14:26',0),(3813,'2020-11-26 21:21:46',0),(3813,'2020-11-26 21:21:48',0),(3811,'2020-11-26 21:21:51',0),(3812,'2020-11-26 21:21:54',0),(3811,'2020-11-26 21:21:56',0),(3813,'2020-11-26 21:21:59',0),(3812,'2020-11-26 21:22:02',0),(3812,'2020-11-26 21:22:04',0),(3814,'2020-11-26 21:22:07',0),(3813,'2020-11-26 21:22:10',0),(3811,'2020-11-26 21:22:13',0),(3811,'2020-11-26 21:22:15',0),(3812,'2020-11-26 21:22:18',0),(3814,'2020-11-26 21:22:21',0),(3812,'2020-11-26 21:25:42',0),(3811,'2020-11-26 21:25:57',0),(3811,'2020-11-26 21:26:06',0),(3812,'2020-11-26 21:26:23',0),(3812,'2020-11-26 21:26:35',0),(3814,'2020-11-26 21:27:02',0),(3813,'2020-11-26 21:27:18',0),(3813,'2020-11-26 21:27:31',0),(3814,'2020-11-26 21:27:39',0),(3813,'2020-11-26 21:27:48',0),(3812,'2020-11-26 21:27:59',0),(3813,'2020-11-26 21:28:09',0),(3813,'2020-11-26 21:28:19',0),(3813,'2020-11-26 21:28:27',0),(3814,'2020-11-26 21:28:34',0),(3812,'2020-11-26 21:28:42',0),(3812,'2020-11-26 21:28:49',0),(3813,'2020-11-26 21:28:57',0),(3813,'2020-11-26 21:29:09',0),(3811,'2020-11-26 21:29:17',0),(3813,'2020-11-26 21:29:25',0),(3814,'2020-11-26 21:29:57',0),(3814,'2020-11-26 21:30:04',0),(3814,'2020-11-26 21:30:15',0),(3814,'2020-11-26 21:30:23',0),(3811,'2020-11-26 21:30:30',0),(3813,'2020-11-26 21:30:39',0),(3813,'2020-11-26 21:30:46',0),(3811,'2020-11-26 21:30:58',0),(3812,'2020-11-26 21:31:05',0),(3812,'2020-11-26 21:31:13',0),(3811,'2020-11-26 21:31:20',0),(3814,'2020-11-26 21:31:28',0),(3813,'2020-11-26 21:31:35',0),(3813,'2020-11-26 21:31:43',0),(3811,'2020-11-26 21:31:50',0),(3812,'2020-11-26 21:32:04',0),(3813,'2020-11-26 21:32:13',0),(3812,'2020-11-26 21:42:35',0),(3812,'2020-11-26 21:42:44',0),(3811,'2020-11-26 21:42:52',0),(3812,'2020-11-26 21:42:59',0),(3812,'2020-11-26 21:43:05',0),(3812,'2020-11-26 21:43:12',0),(3813,'2020-11-26 21:43:18',0),(3813,'2020-11-26 21:43:25',0),(3814,'2020-11-26 21:43:32',0),(3811,'2020-11-26 21:43:38',0),(3814,'2020-11-26 21:43:45',0),(3814,'2020-11-26 21:43:52',0),(3811,'2020-11-27 17:27:35',0),(3813,'2020-11-27 19:06:28',0),(3812,'2020-11-27 19:10:27',0),(3812,'2020-11-27 19:12:23',0),(3814,'2020-11-28 15:34:10',0),(3814,'2020-11-28 15:48:38',0),(3814,'2020-11-28 16:18:17',0),(3814,'2020-11-28 16:24:33',0),(3814,'2020-11-28 16:28:35',0),(3813,'2020-11-29 00:16:02',0),(3815,'2020-11-30 15:59:15',0),(3814,'2020-11-30 23:00:51',0),(3814,'2020-11-30 23:14:56',0),(3811,'2020-11-30 23:15:55',0),(3814,'2020-12-03 13:27:22',0),(3811,'2020-12-03 13:30:07',0),(3813,'2020-12-03 13:33:48',0),(3814,'2020-12-03 13:37:37',0),(3812,'2020-12-03 13:39:32',0),(3813,'2020-12-03 13:39:56',0),(3815,'2020-12-03 13:40:28',0),(3814,'2020-12-03 13:41:49',0),(3814,'2020-12-03 13:42:19',0),(3814,'2020-12-03 13:44:43',0);
/*!40000 ALTER TABLE `State` ENABLE KEYS */;
UNLOCK TABLES;

--
-- Final view structure for view `o2`
--

/*!50001 DROP VIEW IF EXISTS `o2`*/;
/*!50001 SET @saved_cs_client          = @@character_set_client */;
/*!50001 SET @saved_cs_results         = @@character_set_results */;
/*!50001 SET @saved_col_connection     = @@collation_connection */;
/*!50001 SET character_set_client      = utf8mb4 */;
/*!50001 SET character_set_results     = utf8mb4 */;
/*!50001 SET collation_connection      = utf8mb4_0900_ai_ci */;
/*!50001 CREATE ALGORITHM=UNDEFINED */
/*!50013 DEFINER=`root`@`localhost` SQL SECURITY DEFINER */
/*!50001 VIEW `o2` AS select `person`.`username` AS `Nombre de Persona`,`biometrics`.`oxigen_level` AS `Nivel de Oxigeno`,`state`.`date` AS `Fecha de Medida` from ((`person` join `biometrics` on((`person`.`ID_person` = `biometrics`.`ID_person`))) join `state` on((`state`.`ID_person` = `biometrics`.`ID_person`))) order by `state`.`date` */;
/*!50001 SET character_set_client      = @saved_cs_client */;
/*!50001 SET character_set_results     = @saved_cs_results */;
/*!50001 SET collation_connection      = @saved_col_connection */;

--
-- Final view structure for view `ritmo_cardiaco`
--

/*!50001 DROP VIEW IF EXISTS `ritmo_cardiaco`*/;
/*!50001 SET @saved_cs_client          = @@character_set_client */;
/*!50001 SET @saved_cs_results         = @@character_set_results */;
/*!50001 SET @saved_col_connection     = @@collation_connection */;
/*!50001 SET character_set_client      = utf8mb4 */;
/*!50001 SET character_set_results     = utf8mb4 */;
/*!50001 SET collation_connection      = utf8mb4_0900_ai_ci */;
/*!50001 CREATE ALGORITHM=UNDEFINED */
/*!50013 DEFINER=`root`@`localhost` SQL SECURITY DEFINER */
/*!50001 VIEW `ritmo_cardiaco` AS select `person`.`username` AS `Nombre de Persona`,`biometrics`.`heart_rythm` AS `Ritmo Cardiaco`,`state`.`date` AS `Fecha de Medida`,`state`.`risk` AS `Riesgo de Salud` from ((`person` join `biometrics` on((`person`.`ID_person` = `biometrics`.`ID_person`))) join `state` on((`state`.`ID_person` = `biometrics`.`ID_person`))) order by `state`.`date` */;
/*!50001 SET character_set_client      = @saved_cs_client */;
/*!50001 SET character_set_results     = @saved_cs_results */;
/*!50001 SET collation_connection      = @saved_col_connection */;
/*!40103 SET TIME_ZONE=@OLD_TIME_ZONE */;

/*!40101 SET SQL_MODE=@OLD_SQL_MODE */;
/*!40014 SET FOREIGN_KEY_CHECKS=@OLD_FOREIGN_KEY_CHECKS */;
/*!40014 SET UNIQUE_CHECKS=@OLD_UNIQUE_CHECKS */;
/*!40101 SET CHARACTER_SET_CLIENT=@OLD_CHARACTER_SET_CLIENT */;
/*!40101 SET CHARACTER_SET_RESULTS=@OLD_CHARACTER_SET_RESULTS */;
/*!40101 SET COLLATION_CONNECTION=@OLD_COLLATION_CONNECTION */;
/*!40111 SET SQL_NOTES=@OLD_SQL_NOTES */;

-- Dump completed on 2020-12-04 18:26:31
